text,language
I'm going to make a cup of tea.,English
Voy a preparar una taza de té.,Spanish
Je vais préparer une tasse de thé.,French
سأقوم بإعداد كوب من الشاي.,Arabic
Πάω να φτιάξω ένα φλιτζάνι τσάι.,Greek
Ich werde eine Tasse Tee kochen.,German
Vado a preparare una tazza di tè.,Italian
Vou fazer uma xícara de chá.,Portuguese
Я собираюсь заварить чашку чая.,Russian
我去泡杯茶。,Chinese
お茶を作ります。,Japanese
Aku akan membuatkan secangkir teh.,Indonesian
मैं एक कप चाय बनाने जा रहा हूँ।,Hindi
আমি এক কাপ চা বানাতে যাচ্ছি।,Bengali
Did you see the game last night? It was incredible!,English
¿Viste el partido anoche? ¡Fue increíble!,Spanish
Avez-vous vu le match hier soir ? C'était incroyable !,French
هل شاهدت المباراة الليلة الماضية؟ كان لا يصدق!,Arabic
Είδατε το παιχνίδι χθες το βράδυ; Ήταν απίστευτο!,Greek
Hast du das Spiel gestern Abend gesehen? Es war unglaublich!,German
Hai visto la partita ieri sera? È stato incredibile!,Italian
Você viu o jogo ontem à noite? Foi incrível!,Portuguese
Ты видел игру вчера вечером? Это было невероятно!,Russian
昨晚的比赛你看了吗？太不可思议了！,Chinese
昨夜の試合を見ましたか？信じられないほどでした！,Japanese
Apakah Anda melihat pertandingan tadi malam? Sungguh luar biasa!,Indonesian
क्या आपने कल रात खेल देखा? यह अविश्वसनीय था!,Hindi
কাল রাতে খেলা দেখেছ? এটা অবিশ্বাস্য ছিল!,Bengali
The birds are singing so beautifully this morning.,English
Los pájaros cantan muy bien esta mañana.,Spanish
Les oiseaux chantent si bien ce matin.,French
الطيور تغني بشكل جميل جدا هذا الصباح.,Arabic
Τα πουλιά τραγουδούν τόσο όμορφα σήμερα το πρωί.,Greek
Die Vögel singen heute Morgen so schön.,German
Gli uccelli cantano così bene stamattina.,Italian
Os pássaros estão cantando tão lindamente esta manhã.,Portuguese
Этим утром птицы так красиво поют.,Russian
今天早上，鸟儿的歌声非常美妙。,Chinese
今朝は鳥たちがとても美しく鳴いています。,Japanese
Burung-burung berkicau begitu indah pagi ini.,Indonesian
आज सुबह पक्षी बहुत सुंदर गा रहे हैं।,Hindi
আজ সকালে পাখিরা খুব সুন্দর করে গান গায়।,Bengali
Where did I put my keys?,English
¿Dónde puse mis llaves?,Spanish
Où ai-je mis mes clés ?,French
أين وضعت مفاتيحي؟,Arabic
Πού έβαλα τα κλειδιά μου;,Greek
Wo habe ich meine Schlüssel hingelegt?,German
Dove ho messo le chiavi?,Italian
Onde coloquei minhas chaves?,Portuguese
Куда я положил ключи?,Russian
我把钥匙放在哪里了？,Chinese
鍵をどこに置きましたか?,Japanese
Di mana saya meletakkan kunci saya?,Indonesian
मैंने अपनी चाबियाँ कहाँ रखीं?,Hindi
আমি আমার চাবি কোথায় রাখলাম?,Bengali
I need to finish this report by Friday.,English
Necesito terminar este informe para el viernes.,Spanish
Je dois terminer ce rapport d'ici vendredi.,French
أحتاج إلى الانتهاء من هذا التقرير بحلول يوم الجمعة.,Arabic
Πρέπει να ολοκληρώσω αυτήν την αναφορά μέχρι την Παρασκευή.,Greek
Ich muss diesen Bericht bis Freitag fertigstellen.,German
Devo finire questo rapporto entro venerdì.,Italian
Preciso terminar este relatório até sexta-feira.,Portuguese
Мне нужно закончить этот отчет к пятнице.,Russian
我需要在周五之前完成这份报告。,Chinese
このレポートを金曜日までに仕上げなければなりません。,Japanese
Saya harus menyelesaikan laporan ini paling lambat hari Jumat.,Indonesian
मुझे यह रिपोर्ट शुक्रवार तक ख़त्म करनी है.,Hindi
আমাকে শুক্রবারের মধ্যে এই প্রতিবেদনটি শেষ করতে হবে।,Bengali
The smell of freshly baked bread is amazing.,English
El olor a pan recién horneado es increíble.,Spanish
L'odeur du pain fraîchement sorti du four est incroyable.,French
رائحة الخبز الطازج مذهلة.,Arabic
Η μυρωδιά του φρεσκοψημένου ψωμιού είναι εκπληκτική.,Greek
Der Duft von frisch gebackenem Brot ist erstaunlich.,German
Il profumo del pane appena sfornato è meraviglioso.,Italian
O cheiro de pão recém-assado é incrível.,Portuguese
Запах свежеиспеченного хлеба потрясающий.,Russian
新鲜出炉的面包的香味令人惊叹。,Chinese
焼きたてのパンの香りは格別です。,Japanese
Aroma roti yang baru dipanggang sungguh menakjubkan.,Indonesian
ताज़ी पकी हुई ब्रेड की महक अद्भुत है।,Hindi
তাজা বেকড রুটির গন্ধ আশ্চর্যজনক।,Bengali
Could you pass me the salt please?,English
¿Podrías pasarme la sal por favor?,Spanish
Pourriez-vous me passer le sel s'il vous plaît ?,French
هل يمكنك أن تمرر لي الملح من فضلك؟,Arabic
Μπορείς να μου δώσεις το αλάτι σε παρακαλώ;,Greek
Könnten Sie mir bitte das Salz reichen?,German
"Potresti passarmi il sale, per favore?",Italian
"Você poderia me passar o sal, por favor?",Portuguese
"Не могли бы вы передать мне соль, пожалуйста?",Russian
请你把盐递给我好吗？,Chinese
塩を渡してくれませんか？,Japanese
Bisakah Anda memberikan saya garamnya?,Indonesian
क्या आप कृपया मुझे नमक देंगे?,Hindi
আপনি কি আমাকে লবণ দিতে পারেন?,Bengali
My phone battery is almost dead.,English
La batería de mi teléfono está casi agotada.,Spanish
La batterie de mon téléphone est presque morte.,French
بطارية هاتفي على وشك النفاد.,Arabic
Η μπαταρία του τηλεφώνου μου έχει σχεδόν εξαντληθεί.,Greek
Der Akku meines Telefons ist fast leer.,German
La batteria del mio telefono è quasi scarica.,Italian
A bateria do meu telefone está quase acabando.,Portuguese
Аккумулятор моего телефона почти разряжен.,Russian
我的手机电池快没电了。,Chinese
携帯電話のバッテリーがもうすぐ切れてしまいます。,Japanese
Baterai ponselku hampir habis.,Indonesian
मेरे फोन की बैटरी लगभग ख़त्म हो गई है।,Hindi
আমার ফোনের ব্যাটারি প্রায় শেষ।,Bengali
I think I'll go for a walk in the park later.,English
Creo que más tarde iré a dar un paseo por el parque.,Spanish
Je pense que j'irai me promener dans le parc plus tard.,French
أعتقد أنني سأذهب للنزهة في الحديقة في وقت لاحق.,Arabic
Νομίζω ότι θα πάω μια βόλτα στο πάρκο αργότερα.,Greek
"Ich glaube, ich gehe später im Park spazieren.",German
Penso che più tardi andrò a fare una passeggiata nel parco.,Italian
Acho que vou dar um passeio no parque mais tarde.,Portuguese
"Я думаю, что пойду погулять в парке позже.",Russian
我想稍后我会去公园散步。,Chinese
後で公園に散歩に行こうと思います。,Japanese
Sepertinya aku akan berjalan-jalan di taman nanti.,Indonesian
मुझे लगता है कि मैं बाद में पार्क में टहलने जाऊंगा।,Hindi
ভাবছি পরে পার্কে বেড়াতে যাব।,Bengali
What time is the movie starting?,English
¿A qué hora empieza la película?,Spanish
À quelle heure commence le film ?,French
في أي وقت يبدأ الفيلم؟,Arabic
Τι ώρα ξεκινάει η ταινία;,Greek
Um wie viel Uhr beginnt der Film?,German
A che ora inizia il film?,Italian
A que horas começa o filme?,Portuguese
Во сколько начинается фильм?,Russian
电影几点开始？,Chinese
映画は何時に始まりますか?,Japanese
Jam berapa filmnya dimulai?,Indonesian
फिल्म कितने बजे शुरू हो रही है?,Hindi
সিনেমাটি কয়টায় শুরু হচ্ছে?,Bengali
I'm excited for the weekend!,English
¡Estoy emocionado por el fin de semana!,Spanish
J'ai hâte pour le week-end !,French
أنا متحمس لعطلة نهاية الأسبوع!,Arabic
Είμαι ενθουσιασμένος για το Σαββατοκύριακο!,Greek
Ich freue mich auf das Wochenende!,German
Sono emozionato per il fine settimana!,Italian
Estou animado para o fim de semana!,Portuguese
Я с нетерпением жду выходных!,Russian
我对周末很兴奋！,Chinese
週末が楽しみです！,Japanese
Saya bersemangat untuk akhir pekan!,Indonesian
मैं सप्ताहांत के लिए उत्साहित हूँ!,Hindi
আমি উইকএন্ডের জন্য উত্তেজিত!,Bengali
The traffic was terrible this morning.,English
Esta mañana el tráfico era terrible.,Spanish
La circulation était épouvantable ce matin.,French
كانت حركة المرور رهيبة هذا الصباح.,Arabic
Η κίνηση ήταν τρομερή σήμερα το πρωί.,Greek
Der Verkehr war heute Morgen schrecklich.,German
Il traffico era terribile stamattina.,Italian
O trânsito estava terrível esta manhã.,Portuguese
Сегодня утром движение было ужасным.,Russian
今天早上的交通状况非常糟糕。,Chinese
今朝の渋滞はひどかったです。,Japanese
Lalu lintas sangat buruk pagi ini.,Indonesian
आज सुबह यातायात बहुत भयानक था।,Hindi
আজ সকালে যানজট ভয়াবহ ছিল।,Bengali
I should probably water the plants.,English
Probablemente debería regar las plantas.,Spanish
Je devrais probablement arroser les plantes.,French
ربما ينبغي لي أن أسقي النباتات.,Arabic
Μάλλον πρέπει να ποτίζω τα φυτά.,Greek
Ich sollte die Pflanzen wahrscheinlich gießen.,German
Probabilmente dovrei annaffiare le piante.,Italian
Eu provavelmente deveria regar as plantas.,Portuguese
"Наверное, мне следует полить растения.",Russian
我也许应该给植物浇水。,Chinese
おそらく植物に水をやったほうがいいでしょう。,Japanese
Saya mungkin harus menyirami tanaman.,Indonesian
शायद मुझे पौधों को पानी देना चाहिए।,Hindi
আমি সম্ভবত গাছপালা জল করা উচিত.,Bengali
Have you seen my blue sweater?,English
¿Has visto mi suéter azul?,Spanish
As-tu vu mon pull bleu ?,French
هل رأيت سترتي الزرقاء؟,Arabic
Είδες το μπλε πουλόβερ μου;,Greek
Hast du meinen blauen Pullover gesehen?,German
Hai visto il mio maglione blu?,Italian
Você viu meu suéter azul?,Portuguese
Ты видел мой синий свитер?,Russian
你看到我的蓝色毛衣了吗？,Chinese
私の青いセーターを見ましたか？,Japanese
Pernahkah kamu melihat sweter biruku?,Indonesian
क्या तुमने मेरा नीला स्वेटर देखा है?,Hindi
তুমি কি আমার নীল সোয়েটার দেখেছ?,Bengali
This coffee is too hot.,English
Este café está demasiado caliente.,Spanish
Ce café est trop chaud.,French
هذه القهوة ساخنة جداً,Arabic
Αυτός ο καφές είναι πολύ ζεστός.,Greek
Dieser Kaffee ist zu heiß.,German
Questo caffè è troppo caldo.,Italian
Este café está muito quente.,Portuguese
Этот кофе слишком горячий.,Russian
这咖啡太热了。,Chinese
このコーヒーは熱すぎます。,Japanese
Kopi ini terlalu panas.,Indonesian
यह कॉफ़ी बहुत गर्म है.,Hindi
এই কফি খুব গরম.,Bengali
I love listening to music while I work.,English
Me encanta escuchar música mientras trabajo.,Spanish
J'aime écouter de la musique pendant que je travaille.,French
أحب الاستماع إلى الموسيقى أثناء العمل.,Arabic
Μου αρέσει να ακούω μουσική ενώ δουλεύω.,Greek
"Ich liebe es, Musik zu hören, während ich arbeite.",German
Adoro ascoltare la musica mentre lavoro.,Italian
Adoro ouvir música enquanto trabalho.,Portuguese
Я люблю слушать музыку во время работы.,Russian
我喜欢在工作时听音乐。,Chinese
仕事中に音楽を聴くのが大好きです。,Japanese
Saya suka mendengarkan musik sambil bekerja.,Indonesian
मुझे काम करते समय संगीत सुनना पसंद है।,Hindi
আমি কাজ করার সময় গান শুনতে ভালোবাসি।,Bengali
The library is a quiet place to study.,English
La biblioteca es un lugar tranquilo para estudiar.,Spanish
La bibliothèque est un endroit calme pour étudier.,French
المكتبة مكان هادئ للدراسة.,Arabic
Η βιβλιοθήκη είναι ένα ήσυχο μέρος για μελέτη.,Greek
Die Bibliothek ist ein ruhiger Ort zum Lernen.,German
La biblioteca è un posto tranquillo dove studiare.,Italian
A biblioteca é um lugar tranquilo para estudar.,Portuguese
Библиотека — тихое место для учебы.,Russian
图书馆是一个安静的学习场所。,Chinese
図書館は静かに勉強できる場所です。,Japanese
Perpustakaan adalah tempat yang tenang untuk belajar.,Indonesian
पुस्तकालय अध्ययन के लिए एक शांत जगह है।,Hindi
লাইব্রেরি অধ্যয়নের জন্য একটি শান্ত জায়গা।,Bengali
I need to get some more groceries.,English
Necesito hacer más compras.,Spanish
Je dois faire d'autres courses.,French
أحتاج للحصول على المزيد من البقالة.,Arabic
Πρέπει να πάρω άλλα ψώνια.,Greek
Ich muss noch ein paar Lebensmittel besorgen.,German
Ho bisogno di fare altra spesa.,Italian
Preciso comprar mais mantimentos.,Portuguese
Мне нужно купить еще продуктов.,Russian
我需要去买一些杂货。,Chinese
もっと食料品を買わなければなりません。,Japanese
Saya perlu membeli bahan makanan lagi.,Indonesian
मुझे कुछ और किराने का सामान लेना है.,Hindi
আমার আরও কিছু মুদি আনতে হবে।,Bengali
This book is really captivating.,English
Este libro es realmente cautivador.,Spanish
Ce livre est vraiment captivant.,French
هذا الكتاب آسر حقا.,Arabic
Αυτό το βιβλίο είναι πραγματικά συναρπαστικό.,Greek
Dieses Buch ist wirklich fesselnd.,German
Questo libro è davvero accattivante.,Italian
Este livro é realmente cativante.,Portuguese
Эта книга действительно захватывает.,Russian
这本书真的很吸引人。,Chinese
この本は本当に魅力的です。,Japanese
Buku ini sungguh menawan.,Indonesian
यह किताब सचमुच मनमोहक है.,Hindi
এই বই সত্যিই চিত্তাকর্ষক.,Bengali
What are your plans for the summer?,English
¿Cuáles son tus planes para el verano?,Spanish
Quels sont vos projets pour l'été ?,French
ما هي خططك لفصل الصيف؟,Arabic
Ποια είναι τα σχέδια σου για το καλοκαίρι;,Greek
Was sind deine Pläne für den Sommer?,German
Quali sono i tuoi programmi per l'estate?,Italian
Quais são seus planos para o verão?,Portuguese
Какие у тебя планы на лето?,Russian
你夏天有什么计划？,Chinese
夏の計画は何ですか?,Japanese
Apa rencanamu untuk musim panas?,Indonesian
गर्मियों के लिए आपकी क्या योजनाएं हैं?,Hindi
গ্রীষ্মের জন্য আপনার পরিকল্পনা কি?,Bengali
The sunset is breathtaking tonight.,English
La puesta de sol es impresionante esta noche.,Spanish
Le coucher de soleil est à couper le souffle ce soir.,French
غروب الشمس لالتقاط الأنفاس هذه الليلة.,Arabic
Το ηλιοβασίλεμα απόψε κόβει την ανάσα.,Greek
Der Sonnenuntergang ist heute Abend atemberaubend.,German
Il tramonto stasera è mozzafiato.,Italian
O pôr do sol está de tirar o fôlego esta noite.,Portuguese
Закат сегодня потрясающий.,Russian
今晚的日落美得令人窒息。,Chinese
今夜の夕日は息をのむほど美しいです。,Japanese
Matahari terbenam sungguh menakjubkan malam ini.,Indonesian
आज रात सूर्यास्त मनमोहक है।,Hindi
সূর্যাস্ত আজ রাতে শ্বাসরুদ্ধকর।,Bengali
My favorite color is blue.,English
Mi color favorito es el azul.,Spanish
Ma couleur préférée est le bleu.,French
اللون المفضل لدي هو الأزرق.,Arabic
Το αγαπημένο μου χρώμα είναι το μπλε.,Greek
Meine Lieblingsfarbe ist Blau.,German
Il mio colore preferito è il blu.,Italian
Minha cor favorita é azul.,Portuguese
Мой любимый цвет синий.,Russian
我最喜欢的颜色是蓝色。,Chinese
私の好きな色は青です。,Japanese
Warna favorit saya adalah biru.,Indonesian
नीला मेरा मनपसंद रंग है।,Hindi
আমার প্রিয় রং নীল।,Bengali
Let's meet for lunch tomorrow.,English
Nos vemos mañana para almorzar.,Spanish
Retrouvons-nous pour le déjeuner demain.,French
دعونا نجتمع لتناول طعام الغداء غدا.,Arabic
Ας βρεθούμε για μεσημεριανό αύριο.,Greek
Treffen wir uns morgen zum Mittagessen.,German
Ci vediamo domani a pranzo.,Italian
Vamos nos encontrar para almoçar amanhã.,Portuguese
Давай встретимся завтра за обедом.,Russian
我们明天一起吃午饭吧。,Chinese
明日のランチにお会いしましょう。,Japanese
Mari kita bertemu untuk makan siang besok.,Indonesian
चलो कल दोपहर के भोजन पर मिलते हैं।,Hindi
কাল দুপুরের খাবারের জন্য দেখা করি।,Bengali
Did you hear about the new restaurant downtown?,English
¿Has oído hablar del nuevo restaurante del centro?,Spanish
Avez-vous entendu parler du nouveau restaurant du centre-ville ?,French
هل سمعت عن المطعم الجديد في وسط المدينة؟,Arabic
Έχετε ακούσει για το νέο εστιατόριο στο κέντρο της πόλης;,Greek
Haben Sie schon von dem neuen Restaurant in der Innenstadt gehört?,German
Hai sentito del nuovo ristorante in centro?,Italian
Você ouviu falar do novo restaurante no centro da cidade?,Portuguese
Вы слышали о новом ресторане в центре города?,Russian
你听说市中心的新餐厅了吗？,Chinese
ダウンタウンにある新しいレストランについて聞いたことがありますか?,Japanese
Pernahkah Anda mendengar tentang restoran baru di pusat kota?,Indonesian
क्या आपने शहर के नए रेस्तरां के बारे में सुना?,Hindi
আপনি কি নতুন রেস্টুরেন্ট ডাউনটাউন সম্পর্কে শুনেছেন?,Bengali
I'm going to bed early tonight.,English
Esta noche me acostaré temprano.,Spanish
Je vais me coucher tôt ce soir.,French
سأذهب إلى الفراش مبكراً هذه الليلة.,Arabic
Πάω για ύπνο νωρίς απόψε.,Greek
Ich gehe heute Abend früh zu Bett.,German
Vado a letto presto stasera.,Italian
Vou dormir cedo esta noite.,Portuguese
Я сегодня лягу спать рано.,Russian
今晚我要早点睡觉。,Chinese
今夜は早く寝ます。,Japanese
Aku akan tidur lebih awal malam ini.,Indonesian
मैं आज रात जल्दी सोने जा रहा हूँ।,Hindi
আমি আজ রাতে তাড়াতাড়ি ঘুমাতে যাচ্ছি.,Bengali
The flowers in the garden are blooming.,English
Las flores del jardín están floreciendo.,Spanish
Les fleurs du jardin s'épanouissent.,French
الزهور في الحديقة تتفتح.,Arabic
Τα λουλούδια στον κήπο ανθίζουν.,Greek
Die Blumen im Garten blühen.,German
I fiori nel giardino stanno sbocciando.,Italian
As flores do jardim estão desabrochando.,Portuguese
Цветы в саду цветут.,Russian
花园里的花正在盛开。,Chinese
庭の花が咲いています。,Japanese
Bunga-bunga di taman sedang bermekaran.,Indonesian
बगीचे में फूल खिल रहे हैं.,Hindi
বাগানে ফুল ফুটেছে।,Bengali
I need to buy a new pair of shoes.,English
Necesito comprar un par de zapatos nuevos.,Spanish
Je dois acheter une nouvelle paire de chaussures.,French
أحتاج لشراء زوج جديد من الأحذية.,Arabic
Πρέπει να αγοράσω ένα καινούργιο ζευγάρι παπούτσια.,Greek
Ich muss ein neues Paar Schuhe kaufen.,German
Devo comprare un nuovo paio di scarpe.,Italian
Preciso comprar um novo par de sapatos.,Portuguese
Мне нужно купить новую пару обуви.,Russian
我需要买一双新鞋。,Chinese
新しい靴を買わなければなりません。,Japanese
Saya perlu membeli sepasang sepatu baru.,Indonesian
मुझे जूते की एक नई जोड़ी खरीदनी है।,Hindi
আমার এক জোড়া জুতা কিনতে হবে।,Bengali
This cake is delicious!,English
¡Este pastel es delicioso!,Spanish
Ce gâteau est délicieux !,French
هذه الكعكة لذيذة!,Arabic
Αυτό το κέικ είναι νόστιμο!,Greek
Dieser Kuchen ist köstlich!,German
Questa torta è deliziosa!,Italian
Este bolo é delicioso!,Portuguese
Этот торт очень вкусный!,Russian
这个蛋糕真好吃！,Chinese
このケーキはおいしいですよ！,Japanese
Kue ini enak!,Indonesian
यह केक स्वादिष्ट है!,Hindi
এই পিষ্টক সুস্বাদু!,Bengali
Turn left at the next intersection.,English
Gire a la izquierda en el siguiente cruce.,Spanish
Tournez à gauche à la prochaine intersection.,French
انعطف يسارًا عند التقاطع التالي.,Arabic
Στρίψτε αριστερά στην επόμενη διασταύρωση.,Greek
An der nächsten Kreuzung biegen Sie links ab.,German
Girare a sinistra al prossimo incrocio.,Italian
Vire à esquerda no próximo cruzamento.,Portuguese
Поверните налево на следующем перекрестке.,Russian
在下一个路口左转。,Chinese
次の交差点を左折します。,Japanese
Belok kiri di persimpangan berikutnya.,Indonesian
अगले चौराहे पर बाएँ मुड़ें।,Hindi
পরবর্তী মোড়ে বাম দিকে ঘুরুন।,Bengali
I'm looking forward to my vacation.,English
Estoy deseando que lleguen mis vacaciones.,Spanish
J'attends mes vacances avec impatience.,French
أنا أتطلع إلى إجازتي.,Arabic
Ανυπομονώ για τις διακοπές μου.,Greek
Ich freue mich auf meinen Urlaub.,German
Non vedo l'ora che arrivi la mia vacanza.,Italian
Estou ansioso pelas minhas férias.,Portuguese
Я с нетерпением жду отпуска.,Russian
我期待着我的假期。,Chinese
休暇を楽しみにしています。,Japanese
Saya menantikan liburan saya.,Indonesian
मैं अपनी छुट्टियों का इंतजार कर रहा हूं.,Hindi
আমি আমার ছুটির জন্য উন্মুখ.,Bengali
The air smells fresh after the rain.,English
El aire huele fresco después de la lluvia.,Spanish
L'air sent bon après la pluie.,French
رائحة الهواء منعشة بعد المطر.,Arabic
Ο αέρας μυρίζει φρέσκο ​​μετά τη βροχή.,Greek
Die Luft riecht frisch nach dem Regen.,German
L'aria profuma di fresco dopo la pioggia.,Italian
O ar cheira fresco depois da chuva.,Portuguese
Воздух пахнет свежестью после дождя.,Russian
雨后空气清新。,Chinese
雨が降った後の空気は爽やかな香りがします。,Japanese
Udara berbau segar setelah hujan.,Indonesian
बारिश के बाद हवा में ताजगी की खुशबू आती है।,Hindi
বৃষ্টির পর বাতাসে সতেজ গন্ধ।,Bengali
I think I left my umbrella at work.,English
Creo que dejé mi paraguas en el trabajo.,Spanish
Je pense que j'ai oublié mon parapluie au travail.,French
أعتقد أنني تركت مظلتي في العمل.,Arabic
Νομίζω ότι άφησα την ομπρέλα μου στη δουλειά.,Greek
"Ich glaube, ich habe meinen Regenschirm bei der Arbeit gelassen.",German
Credo di aver lasciato l'ombrello al lavoro.,Italian
Acho que deixei meu guarda-chuva no trabalho.,Portuguese
"Кажется, я забыл свой зонтик на работе.",Russian
我想我把伞忘在上班的地方了。,Chinese
職場に傘を忘れてしまったようです。,Japanese
Sepertinya aku meninggalkan payungku di tempat kerja.,Indonesian
मुझे लगता है कि मैंने अपना छाता काम पर छोड़ दिया है।,Hindi
আমি মনে করি আমি আমার ছাতা কাজে রেখেছি।,Bengali
What's your favorite kind of music?,English
¿Cuál es tu tipo de música favorito?,Spanish
Quel est votre genre de musique préféré ?,French
ما هو نوع الموسيقى المفضل لديك؟,Arabic
Ποιο είναι το αγαπημένο σου είδος μουσικής;,Greek
Was ist deine Lieblingsmusik?,German
Qual è il tuo genere musicale preferito?,Italian
Qual é o seu tipo de música favorito?,Portuguese
Какая твоя любимая музыка?,Russian
你最喜欢什么类型的音乐？,Chinese
好きな音楽は何ですか?,Japanese
Apa jenis musik favoritmu?,Indonesian
तुम्हारा पसंदीदा प्रकार का संगीत कौन सा है?,Hindi
আপনার প্রিয় ধরনের সঙ্গীত কি?,Bengali
This puzzle is really challenging.,English
Este rompecabezas es realmente desafiante.,Spanish
Ce puzzle est vraiment difficile.,French
هذا اللغز يمثل تحديًا حقيقيًا.,Arabic
Αυτό το παζλ είναι πραγματικά προκλητικό.,Greek
Dieses Rätsel ist wirklich anspruchsvoll.,German
Questo puzzle è davvero impegnativo.,Italian
Este quebra-cabeça é realmente desafiador.,Portuguese
Эта головоломка действительно сложная.,Russian
这个谜题确实很有挑战性。,Chinese
このパズルは本当に難しいです。,Japanese
Teka-teki ini sungguh menantang.,Indonesian
यह पहेली वाकई चुनौतीपूर्ण है.,Hindi
এই ধাঁধা সত্যিই চ্যালেঞ্জিং.,Bengali
Don't forget to take out the trash.,English
No olvides sacar la basura.,Spanish
N'oubliez pas de sortir les poubelles.,French
لا تنس إخراج القمامة.,Arabic
Μην ξεχάσετε να βγάλετε τα σκουπίδια.,Greek
"Vergessen Sie nicht, den Müll rauszubringen.",German
Non dimenticare di portare fuori la spazzatura.,Italian
Não se esqueça de tirar o lixo.,Portuguese
Не забудьте вынести мусор.,Russian
别忘了把垃圾倒掉。,Chinese
ゴミ出しも忘れずに。,Japanese
Jangan lupa membuang sampah.,Indonesian
कूड़ा बाहर निकालना न भूलें.,Hindi
আবর্জনা বের করতে ভুলবেন না।,Bengali
I'm trying to learn a new language.,English
Estoy tratando de aprender un nuevo idioma.,Spanish
J'essaie d'apprendre une nouvelle langue.,French
أحاول أن أتعلم لغة جديدة.,Arabic
Προσπαθώ να μάθω μια νέα γλώσσα.,Greek
Ich versuche eine neue Sprache zu lernen.,German
Sto cercando di imparare una nuova lingua.,Italian
Estou tentando aprender um novo idioma.,Portuguese
Я пытаюсь выучить новый язык.,Russian
我正在尝试学习一门新语言。,Chinese
新しい言語を学ぼうとしています。,Japanese
Saya mencoba belajar bahasa baru.,Indonesian
मैं एक नई भाषा सीखने की कोशिश कर रहा हूं।,Hindi
আমি একটি নতুন ভাষা শেখার চেষ্টা করছি।,Bengali
The dog needs to be walked.,English
Es necesario pasear al perro.,Spanish
Le chien a besoin d'être promené.,French
الكلب يحتاج إلى المشي.,Arabic
Ο σκύλος πρέπει να περπατήσει.,Greek
Der Hund muss Gassi geführt werden.,German
Il cane ha bisogno di essere portato a spasso.,Italian
O cachorro precisa ser passeado.,Portuguese
Собаку нужно выгуливать.,Russian
狗需要遛。,Chinese
犬は散歩する必要がある。,Japanese
Anjing itu perlu diajak jalan-jalan.,Indonesian
कुत्ते को टहलाने की जरूरत है.,Hindi
কুকুরকে হাঁটতে হবে।,Bengali
Remember to lock the door when you leave.,English
Recuerde cerrar la puerta con llave cuando salga.,Spanish
N'oubliez pas de verrouiller la porte lorsque vous partez.,French
تذكر أن تقفل الباب عند المغادرة.,Arabic
Θυμηθείτε να κλειδώσετε την πόρτα όταν φεύγετε.,Greek
"Denken Sie daran, die Tür abzuschließen, wenn Sie gehen.",German
Ricordati di chiudere a chiave la porta quando esci.,Italian
Lembre-se de trancar a porta ao sair.,Portuguese
"Не забудьте запереть дверь, когда уходите.",Russian
离开时记得锁门。,Chinese
出かけるときは忘れずにドアに鍵をかけてください。,Japanese
Ingatlah untuk mengunci pintu ketika Anda pergi.,Indonesian
जब आप बाहर निकलें तो दरवाज़ा बंद करना याद रखें।,Hindi
যাওয়ার সময় দরজা লক করতে মনে রাখবেন।,Bengali
I made a reservation for dinner tonight.,English
Hice una reserva para cenar esta noche.,Spanish
J'ai fait une réservation pour le dîner de ce soir.,French
لقد قمت بالحجز لتناول العشاء الليلة.,Arabic
Έκανα κράτηση για δείπνο απόψε.,Greek
Ich habe heute Abend ein Abendessen reserviert.,German
Ho prenotato per la cena stasera.,Italian
Fiz uma reserva para jantar hoje à noite.,Portuguese
Я забронировал столик на ужин сегодня вечером.,Russian
我预订了今晚的晚餐。,Chinese
今夜のディナーを予約しました。,Japanese
Saya membuat reservasi untuk makan malam malam ini.,Indonesian
मैंने आज रात के खाने के लिए आरक्षण कराया।,Hindi
আমি আজ রাতে ডিনারের জন্য রিজার্ভেশন করেছি।,Bengali
The leaves are changing color.,English
Las hojas están cambiando de color.,Spanish
Les feuilles changent de couleur.,French
الأوراق تتغير لونها.,Arabic
Τα φύλλα αλλάζουν χρώμα.,Greek
Die Blätter verändern ihre Farbe.,German
Le foglie stanno cambiando colore.,Italian
As folhas estão mudando de cor.,Portuguese
Листья меняют цвет.,Russian
叶子正在变色。,Chinese
葉っぱの色が変わってきています。,Japanese
Daunnya berubah warna.,Indonesian
पत्तियाँ रंग बदल रही हैं।,Hindi
পাতার রং বদলাচ্ছে।,Bengali
I'm going to visit my family next week.,English
Voy a visitar a mi familia la próxima semana.,Spanish
Je vais rendre visite à ma famille la semaine prochaine.,French
سأذهب لزيارة عائلتي الأسبوع المقبل.,Arabic
Θα επισκεφθώ την οικογένειά μου την επόμενη εβδομάδα.,Greek
Ich werde nächste Woche meine Familie besuchen.,German
La prossima settimana andrò a trovare la mia famiglia.,Italian
Vou visitar minha família na próxima semana.,Portuguese
Я собираюсь навестить свою семью на следующей неделе.,Russian
下周我要去拜访我的家人。,Chinese
来週家族を訪ねるつもりです。,Japanese
Saya akan mengunjungi keluarga saya minggu depan.,Indonesian
मैं अगले सप्ताह अपने परिवार से मिलने जा रहा हूं।,Hindi
আমি আগামী সপ্তাহে আমার পরিবারের সাথে দেখা করতে যাচ্ছি।,Bengali
I need to call the doctor tomorrow.,English
Necesito llamar al médico mañana.,Spanish
Je dois appeler le médecin demain.,French
أحتاج إلى الاتصال بالطبيب غدا.,Arabic
Πρέπει να καλέσω τον γιατρό αύριο.,Greek
Ich muss morgen den Arzt anrufen.,German
Domani devo chiamare il dottore.,Italian
Preciso ligar para o médico amanhã.,Portuguese
Мне нужно позвонить врачу завтра.,Russian
我明天需要打电话给医生。,Chinese
明日医者に電話しなければなりません。,Japanese
Saya perlu menelepon dokter besok.,Indonesian
मुझे कल डॉक्टर को बुलाना है.,Hindi
আমাকে আগামীকাল ডাক্তার ডাকতে হবে।,Bengali
I enjoy cooking new recipes.,English
Disfruto cocinando nuevas recetas.,Spanish
J'aime cuisiner de nouvelles recettes.,French
أنا أستمتع بطبخ وصفات جديدة.,Arabic
Μου αρέσει να μαγειρεύω νέες συνταγές.,Greek
"Es macht mir Spaß, neue Rezepte zu kochen.",German
Mi piace cucinare nuove ricette.,Italian
Gosto de cozinhar novas receitas.,Portuguese
Мне нравится готовить новые рецепты.,Russian
我喜欢烹饪新食谱。,Chinese
新しいレシピを作るのが楽しいです。,Japanese
Saya menikmati memasak resep baru.,Indonesian
मुझे नई-नई रेसिपी बनाने में मजा आता है।,Hindi
আমি নতুন রেসিপি রান্না উপভোগ করি।,Bengali
The museum is open on Saturdays.,English
El museo está abierto los sábados.,Spanish
Le musée est ouvert le samedi.,French
المتحف مفتوح في أيام السبت.,Arabic
Το μουσείο είναι ανοιχτό τα Σάββατα.,Greek
Das Museum ist samstags geöffnet.,German
Il museo è aperto il sabato.,Italian
O museu está aberto aos sábados.,Portuguese
Музей открыт по субботам.,Russian
博物馆每周六开放。,Chinese
博物館は土曜日に開館しています。,Japanese
Museum ini buka pada hari Sabtu.,Indonesian
संग्रहालय शनिवार को खुला रहता है।,Hindi
যাদুঘরটি শনিবার খোলা থাকে।,Bengali
My back is aching.,English
Me duele la espalda.,Spanish
Mon dos me fait mal.,French
ظهري يؤلمني.,Arabic
Πονάει η πλάτη μου.,Greek
Mein Rücken tut weh.,German
Mi fa male la schiena.,Italian
Minhas costas estão doendo.,Portuguese
У меня болит спина.,Russian
我的背很痛。,Chinese
背中が痛いです。,Japanese
Punggungku sakit.,Indonesian
मेरी पीठ दर्द कर रही है.,Hindi
আমার পিঠ ব্যাথা করছে।,Bengali
This article is very informative.,English
Este artículo es muy informativo.,Spanish
Cet article est très instructif.,French
هذه المقالة مفيدة للغاية.,Arabic
Αυτό το άρθρο είναι πολύ κατατοπιστικό.,Greek
Dieser Artikel ist sehr informativ.,German
Questo articolo è molto informativo.,Italian
Este artigo é muito informativo.,Portuguese
Эта статья очень информативна.,Russian
这篇文章内容非常丰富。,Chinese
この記事は非常に有益です。,Japanese
Artikel ini sangat informatif.,Indonesian
यह लेख बहुत जानकारीपूर्ण है.,Hindi
এই নিবন্ধটি খুব তথ্যপূর্ণ.,Bengali
Let's go for a bike ride.,English
Vamos a dar un paseo en bicicleta.,Spanish
C'est parti pour une balade à vélo.,French
دعنا نذهب لركوب الدراجة.,Arabic
Πάμε μια βόλτα με το ποδήλατο.,Greek
Lass uns eine Radtour machen.,German
Andiamo a fare un giro in bicicletta.,Italian
Vamos dar um passeio de bicicleta.,Portuguese
Давайте покатаемся на велосипеде.,Russian
我们去骑自行车吧。,Chinese
自転車に乗りに行きましょう。,Japanese
Ayo naik sepeda.,Indonesian
चलो बाइक से घूमने चलते हैं.,Hindi
চলো বাইক রাইড করতে যাই।,Bengali
The train is delayed.,English
El tren está retrasado.,Spanish
Le train est en retard.,French
تأخر القطار.,Arabic
Το τρένο έχει καθυστέρηση.,Greek
Der Zug hat Verspätung.,German
Il treno è in ritardo.,Italian
O trem está atrasado.,Portuguese
Поезд задерживается.,Russian
火车晚点了。,Chinese
電車が遅れています。,Japanese
Keretanya tertunda.,Indonesian
ट्रेन देरी से चल रही है.,Hindi
ট্রেন দেরি করছে।,Bengali
I saw a funny video online today.,English
Hoy vi un video divertido en línea.,Spanish
J'ai vu une vidéo amusante en ligne aujourd'hui.,French
رأيت فيديو مضحك على الانترنت اليوم.,Arabic
Είδα ένα αστείο βίντεο σήμερα στο διαδίκτυο.,Greek
Ich habe heute online ein lustiges Video gesehen.,German
Ho visto un video divertente online oggi.,Italian
Eu vi um vídeo engraçado online hoje.,Portuguese
Сегодня увидел в сети забавное видео.,Russian
今天在网上看到一个搞笑视频。,Chinese
今日ネットで面白いビデオを見ました。,Japanese
Saya melihat video lucu online hari ini.,Indonesian
मैंने आज ऑनलाइन एक मज़ेदार वीडियो देखा।,Hindi
আজ অনলাইনে একটা মজার ভিডিও দেখলাম।,Bengali
I'm feeling a bit tired today.,English
Me siento un poco cansado hoy.,Spanish
Je me sens un peu fatigué aujourd'hui.,French
أشعر بالتعب قليلا اليوم.,Arabic
Νιώθω λίγο κουρασμένος σήμερα.,Greek
Ich fühle mich heute etwas müde.,German
Mi sento un po' stanco oggi.,Italian
Estou me sentindo um pouco cansado hoje.,Portuguese
Я чувствую себя немного уставшим сегодня.,Russian
我今天感觉有点累。,Chinese
今日は少し疲れています。,Japanese
Aku merasa sedikit lelah hari ini.,Indonesian
आज मुझे थोड़ी थकान महसूस हो रही है.,Hindi
আমি আজ একটু ক্লান্ত বোধ করছি।,Bengali
The coffee shop is crowded.,English
La cafetería está abarrotada.,Spanish
Le café est bondé.,French
المقهى مزدحم.,Arabic
Το καφενείο είναι γεμάτο.,Greek
Das Café ist überfüllt.,German
La caffetteria è affollata.,Italian
A cafeteria está lotada.,Portuguese
Кафе переполнено.,Russian
咖啡厅里挤满了人。,Chinese
喫茶店は混んでいます。,Japanese
Kedai kopi itu ramai.,Indonesian
कॉफ़ी शॉप में भीड़ है.,Hindi
কফি শপে ভিড়।,Bengali
What time is it?,English
¿Qué hora es?,Spanish
Quelle heure est-il?,French
أي ساعة؟,Arabic
Τι ώρα είναι;,Greek
Wie spät ist es?,German
Che ore sono?,Italian
Que horas são?,Portuguese
Который сейчас час?,Russian
现在是几奌？,Chinese
今何時ですか？,Japanese
Jam berapa sekarang?,Indonesian
ये वक़्त क्या है?,Hindi
কয়টা বাজে?,Bengali
I have a headache.,English
Me duele la cabeza.,Spanish
J'ai mal à la tête.,French
عندي صداع.,Arabic
έχω πονοκέφαλο.,Greek
Ich habe Kopfschmerzen.,German
Ho mal di testa.,Italian
Estou com dor de cabeça.,Portuguese
У меня болит голова.,Russian
我头疼。,Chinese
頭痛がします。,Japanese
Saya sakit kepala.,Indonesian
मुझे सिर दर्द है।,Hindi
আমার মাথা ব্যথা আছে।,Bengali
I prefer tea over coffee.,English
Prefiero el té al café.,Spanish
Je préfère le thé au café.,French
أفضّل الشاي على القهوة.,Arabic
Προτιμώ το τσάι από τον καφέ.,Greek
Ich bevorzuge Tee gegenüber Kaffee.,German
Preferisco il tè al caffè.,Italian
Prefiro chá ao café.,Portuguese
Я предпочитаю чай кофе.,Russian
比起咖啡我更喜欢茶。,Chinese
私はコーヒーより紅茶の方が好きです。,Japanese
Saya lebih suka teh daripada kopi.,Indonesian
मैं कॉफी से ज्यादा चाय पसंद करता हूं।,Hindi
আমি কফির চেয়ে চা বেশি পছন্দ করি।,Bengali
The park is a great place to relax.,English
El parque es un gran lugar para relajarse.,Spanish
Le parc est un endroit idéal pour se détendre.,French
الحديقة مكان عظيم للاسترخاء.,Arabic
Το πάρκο είναι ένα εξαιρετικό μέρος για να χαλαρώσετε.,Greek
Der Park ist ein toller Ort zum Entspannen.,German
Il parco è un ottimo posto per rilassarsi.,Italian
O parque é um ótimo lugar para relaxar.,Portuguese
Парк – прекрасное место для отдыха.,Russian
公园是一个放松身心的好地方。,Chinese
公園はリラックスするのに最適な場所です。,Japanese
Taman adalah tempat yang bagus untuk bersantai.,Indonesian
पार्क आराम करने के लिए एक बेहतरीन जगह है।,Hindi
পার্কটি আরাম করার জন্য একটি দুর্দান্ত জায়গা।,Bengali
Did you enjoy the concert?,English
¿Disfrutaste el concierto?,Spanish
Avez-vous apprécié le concert ?,French
هل استمتعت بالحفل؟,Arabic
Σας άρεσε η συναυλία;,Greek
Hat Ihnen das Konzert gefallen?,German
Ti è piaciuto il concerto?,Italian
Você gostou do show?,Portuguese
Вам понравился концерт?,Russian
你喜欢这场音乐会吗？,Chinese
コンサートは楽しかったですか？,Japanese
Apakah Anda menikmati konsernya?,Indonesian
क्या आपने संगीत कार्यक्रम का आनंद लिया?,Hindi
আপনি কনসার্ট উপভোগ করেছেন?,Bengali
The laundry needs to be done.,English
Es necesario lavar la ropa.,Spanish
La lessive doit être faite.,French
يجب أن يتم الغسيل.,Arabic
Το πλύσιμο πρέπει να γίνει.,Greek
Die Wäsche muss gewaschen werden.,German
Il bucato deve essere fatto.,Italian
A roupa precisa ser lavada.,Portuguese
Нужно постирать.,Russian
需要洗衣服。,Chinese
洗濯をしなければなりません。,Japanese
Pencucian perlu dilakukan.,Indonesian
कपड़े धोने की जरूरत है.,Hindi
লন্ড্রি করা দরকার।,Bengali
I lost my wallet.,English
Perdí mi cartera.,Spanish
J'ai perdu mon porte-monnaie.,French
أنا فقدت محفظتى.,Arabic
Έχασα το πορτοφόλι μου.,Greek
Ich habe meine Geldtasche verloren.,German
Ho perso il mio portafogli.,Italian
Perdi a minha carteira.,Portuguese
Я потерял кошелек.,Russian
我把我的钱包弄丢了。,Chinese
財布を失くしました。,Japanese
Saya kehilangan dompet saya.,Indonesian
मेरा बटुआ खो गया है.,Hindi
আমি আমার মানিব্যাগ হারিয়ে.,Bengali
What's the weather like outside?,English
¿Cómo está el clima afuera?,Spanish
Quel temps fait-il dehors ?,French
ما هو الطقس في الخارج؟,Arabic
Πώς είναι ο καιρός έξω;,Greek
Wie ist das Wetter draußen?,German
Com'è il tempo fuori?,Italian
Como está o tempo lá fora?,Portuguese
Какая погода на улице?,Russian
外面的天气怎么样？,Chinese
外の天気はどうですか？,Japanese
Bagaimana cuaca di luar?,Indonesian
बाहर मौसम कैसा है?,Hindi
বাইরের আবহাওয়া কেমন?,Bengali
I'm happy to help.,English
Estoy feliz de poder ayudar.,Spanish
Je suis heureux de vous aider.,French
يسعدني تقديم المساعدة.,Arabic
Είμαι στην ευχάριστη θέση να βοηθήσω.,Greek
Ich helfe gerne weiter.,German
Sono felice di aiutarti.,Italian
Fico feliz em ajudar.,Portuguese
Я рад помочь.,Russian
我很乐意提供帮助。,Chinese
喜んでお手伝いさせていただきます。,Japanese
Saya senang membantu.,Indonesian
मुझे मदद करने में ख़ुशी होगी.,Hindi
আমি সাহায্য করতে পেরে খুশি।,Bengali
The cat is sleeping on the windowsill.,English
El gato duerme en el alféizar de la ventana.,Spanish
Le chat dort sur le rebord de la fenêtre.,French
القطة تنام على حافة النافذة.,Arabic
Η γάτα κοιμάται στο περβάζι.,Greek
Die Katze schläft auf der Fensterbank.,German
Il gatto dorme sul davanzale della finestra.,Italian
O gato está dormindo no parapeito da janela.,Portuguese
Кот спит на подоконнике.,Russian
猫正在窗台上睡觉。,Chinese
猫は窓辺で寝ています。,Japanese
Kucing itu sedang tidur di ambang jendela.,Indonesian
बिल्ली खिड़की पर सो रही है.,Hindi
বিড়াল জানালার উপর ঘুমাচ্ছে।,Bengali
I'm not feeling well today.,English
No me siento bien hoy.,Spanish
Je ne me sens pas bien aujourd'hui.,French
أنا لا أشعر أنني بحالة جيدة اليوم.,Arabic
Δεν νιώθω καλά σήμερα.,Greek
Mir geht es heute nicht gut.,German
Non mi sento bene oggi.,Italian
Não estou me sentindo bem hoje.,Portuguese
Я сегодня плохо себя чувствую.,Russian
我今天感觉不太舒服。,Chinese
今日は気分が良くありません。,Japanese
Aku sedang tidak enak badan hari ini.,Indonesian
आज मेरी तबीयत ठीक नहीं है.,Hindi
আজ আমার মন ভালো নেই।,Bengali
Can you help me with this?,English
¿Puedes ayudarme con esto?,Spanish
Pouvez-vous m'aider avec ça ?,French
هل يمكنك مساعدتي في هذا؟,Arabic
Μπορείτε να με βοηθήσετε σε αυτό;,Greek
Können Sie mir dabei helfen?,German
Puoi aiutarmi con questo?,Italian
Você pode me ajudar com isso?,Portuguese
Можете ли вы помочь мне с этим?,Russian
你能帮我解决这个问题吗？,Chinese
これについて手伝ってもらえますか？,Japanese
Bisakah Anda membantu saya dengan ini?,Indonesian
क्या आप इस के साथ मेरी मदद कर सकते हैं?,Hindi
আপনি এই সঙ্গে আমাকে সাহায্য করতে পারেন?,Bengali
The bus is late.,English
El autobús llega tarde.,Spanish
Le bus est en retard.,French
الحافلة متأخرة.,Arabic
Το λεωφορείο αργεί.,Greek
Der Bus hat Verspätung.,German
L'autobus è in ritardo.,Italian
O ônibus está atrasado.,Portuguese
Автобус опаздывает.,Russian
公共汽车晚点了。,Chinese
バスが遅れています。,Japanese
Busnya terlambat.,Indonesian
बस को देर हो गई है।,Hindi
বাস আসতে দেরি হয়ে গেছে।,Bengali
I'm going to paint my room a different color.,English
Voy a pintar mi habitación de otro color.,Spanish
Je vais peindre ma chambre d'une couleur différente.,French
سأطلي غرفتي بلون مختلف,Arabic
Θα βάψω το δωμάτιό μου με διαφορετικό χρώμα.,Greek
Ich werde mein Zimmer in einer anderen Farbe streichen.,German
Dipingerò la mia stanza di un colore diverso.,Italian
Vou pintar meu quarto com uma cor diferente.,Portuguese
Я собираюсь покрасить свою комнату в другой цвет.,Russian
我要把我的房间漆成不同的颜色。,Chinese
自分の部屋を違う色に塗るつもりです。,Japanese
Aku akan mengecat kamarku dengan warna berbeda.,Indonesian
मैं अपने कमरे को एक अलग रंग में रंगने जा रहा हूँ।,Hindi
আমি আমার ঘরকে অন্য রঙে রাঙাতে যাচ্ছি।,Bengali
Did you finish your homework?,English
¿Terminaste tu tarea?,Spanish
As-tu fini tes devoirs ?,French
هل انتهيت من واجباتك المنزلية؟,Arabic
Τελειώσατε την εργασία σας;,Greek
Hast du deine Hausaufgaben erledigt?,German
Hai finito i compiti?,Italian
Você terminou sua lição de casa?,Portuguese
Ты закончил домашнее задание?,Russian
你作业做完了吗？,Chinese
宿題は終わりましたか？,Japanese
Apakah kamu sudah menyelesaikan pekerjaan rumahmu?,Indonesian
क्या आपने अपना होमवर्क पूरा कर लिया?,Hindi
আপনি কি আপনার বাড়ির কাজ শেষ করেছেন?,Bengali
I'm excited about the new movie.,English
Estoy entusiasmado con la nueva película.,Spanish
Je suis enthousiasmé par le nouveau film.,French
أنا متحمس للفيلم الجديد.,Arabic
Είμαι ενθουσιασμένος με τη νέα ταινία.,Greek
Ich bin gespannt auf den neuen Film.,German
Sono entusiasta del nuovo film.,Italian
Estou animado com o novo filme.,Portuguese
Я в восторге от нового фильма.,Russian
我对这部新电影很兴奋。,Chinese
新しい映画に興奮しています。,Japanese
Saya bersemangat dengan film baru ini.,Indonesian
मैं नई फिल्म को लेकर उत्साहित हूं।,Hindi
নতুন সিনেমা নিয়ে আমি উত্তেজিত।,Bengali
The restaurant was very expensive.,English
El restaurante era muy caro.,Spanish
Le restaurant était très cher.,French
المطعم كان مكلفاً للغاية.,Arabic
Το εστιατόριο ήταν πολύ ακριβό.,Greek
Das Restaurant war sehr teuer.,German
Il ristorante era molto costoso.,Italian
O restaurante era muito caro.,Portuguese
Ресторан был очень дорогим.,Russian
餐厅非常贵。,Chinese
レストランはとても高かったです。,Japanese
Restoran itu sangat mahal.,Indonesian
रेस्टोरेंट बहुत महंगा था.,Hindi
রেস্তোরাঁটি ছিল খুবই ব্যয়বহুল।,Bengali
I need to buy a birthday present.,English
Necesito comprar un regalo de cumpleaños.,Spanish
Je dois acheter un cadeau d'anniversaire.,French
أحتاج لشراء هدية عيد ميلاد.,Arabic
Πρέπει να αγοράσω ένα δώρο γενεθλίων.,Greek
Ich muss ein Geburtstagsgeschenk kaufen.,German
Devo comprare un regalo di compleanno.,Italian
Preciso comprar um presente de aniversário.,Portuguese
Мне нужно купить подарок на день рождения.,Russian
我需要买一份生日礼物。,Chinese
誕生日プレゼントを買わなければなりません。,Japanese
Saya perlu membeli hadiah ulang tahun.,Indonesian
मुझे जन्मदिन का उपहार खरीदना है.,Hindi
আমার জন্মদিনের উপহার কিনতে হবে।,Bengali
The dog is barking at the mailman.,English
El perro le ladra al cartero.,Spanish
Le chien aboie après le facteur.,French
الكلب ينبح على ساعي البريد.,Arabic
Ο σκύλος γαβγίζει στον ταχυδρόμο.,Greek
Der Hund bellt den Postboten an.,German
Il cane abbaia al postino.,Italian
O cachorro está latindo para o carteiro.,Portuguese
Собака лает на почтальона.,Russian
狗对着邮递员狂吠。,Chinese
犬が郵便配達員に向かって吠えている。,Japanese
Anjing itu menggonggong pada tukang pos.,Indonesian
कुत्ता डाकिये पर भौंक रहा है.,Hindi
কুকুর ডাকে ডাকছে।,Bengali
I like to read before bed.,English
Me gusta leer antes de dormir.,Spanish
J'aime lire avant de me coucher.,French
أحب القراءة قبل النوم.,Arabic
Μου αρέσει να διαβάζω πριν κοιμηθώ.,Greek
Ich lese gerne vor dem Schlafengehen.,German
Mi piace leggere prima di andare a letto.,Italian
Gosto de ler antes de dormir.,Portuguese
Я люблю читать перед сном.,Russian
我喜欢睡前读书。,Chinese
私は寝る前に読むのが好きです。,Japanese
Saya suka membaca sebelum tidur.,Indonesian
मुझे सोने से पहले पढ़ना पसंद है.,Hindi
আমি ঘুমানোর আগে পড়তে পছন্দ করি।,Bengali
The airplane is taking off.,English
El avión está despegando.,Spanish
L'avion décolle.,French
الطائرة تقلع.,Arabic
Το αεροπλάνο απογειώνεται.,Greek
Das Flugzeug hebt ab.,German
L'aereo sta decollando.,Italian
O avião está decolando.,Portuguese
Самолет взлетает.,Russian
飞机正在起飞。,Chinese
飛行機が離陸していきます。,Japanese
Pesawat lepas landas.,Indonesian
हवाई जहाज उड़ान भर रहा है.,Hindi
বিমান টেক অফ করছে।,Bengali
It's cold outside today.,English
Hace frío afuera hoy.,Spanish
Il fait froid dehors aujourd'hui.,French
الجو بارد في الخارج اليوم.,Arabic
Κάνει κρύο έξω σήμερα.,Greek
Heute ist es kalt draußen.,German
Fa freddo fuori oggi.,Italian
Está frio lá fora hoje.,Portuguese
Сегодня на улице холодно.,Russian
今天外面很冷。,Chinese
今日は外は寒いです。,Japanese
Di luar dingin hari ini.,Indonesian
आज बाहर ठंड है.,Hindi
আজ বাইরে ঠান্ডা।,Bengali
I'm going shopping later.,English
Voy de compras más tarde.,Spanish
Je vais faire du shopping plus tard.,French
سأذهب للتسوق في وقت لاحق.,Arabic
Θα πάω για ψώνια αργότερα.,Greek
Ich gehe später einkaufen.,German
Vado a fare la spesa più tardi.,Italian
Vou às compras mais tarde.,Portuguese
Я пойду за покупками позже.,Russian
我稍后要去购物。,Chinese
後で買い物に行きます。,Japanese
Aku akan berbelanja nanti.,Indonesian
मैं बाद में खरीदारी करने जा रहा हूं।,Hindi
আমি পরে শপিং করতে যাচ্ছি।,Bengali
The beach is beautiful.,English
La playa es hermosa.,Spanish
La plage est magnifique.,French
الشاطئ جميل.,Arabic
Η παραλία είναι όμορφη.,Greek
Der Strand ist wunderschön.,German
La spiaggia è bellissima.,Italian
A praia é linda.,Portuguese
Пляж красивый.,Russian
海滩很漂亮。,Chinese
ビーチは美しいです。,Japanese
Pantainya indah.,Indonesian
समुद्रतट सुन्दर है.,Hindi
সৈকত সুন্দর.,Bengali
I'm going to learn how to play the guitar.,English
Voy a aprender a tocar la guitarra.,Spanish
Je vais apprendre à jouer de la guitare.,French
سأتعلم كيفية العزف على الجيتار.,Arabic
Θα μάθω πώς να παίζω κιθάρα.,Greek
"Ich werde lernen, Gitarre zu spielen.",German
Imparerò a suonare la chitarra.,Italian
Vou aprender a tocar violão.,Portuguese
Я собираюсь научиться играть на гитаре.,Russian
我要去学习如何弹吉他。,Chinese
私はギターの弾き方を習うつもりです。,Japanese
Saya akan belajar cara bermain gitar.,Indonesian
मैं गिटार बजाना सीखने जा रहा हूं।,Hindi
আমি গিটার বাজাতে শিখতে যাচ্ছি।,Bengali
Did you water the plants?,English
¿Regaste las plantas?,Spanish
Avez-vous arrosé les plantes ?,French
هل سقي النباتات؟,Arabic
Πότισες τα φυτά;,Greek
Hast du die Pflanzen gegossen?,German
Hai annaffiato le piante?,Italian
Você regou as plantas?,Portuguese
Вы поливали растения?,Russian
你给植物浇水了吗？,Chinese
植物に水をあげましたか？,Japanese
Apakah Anda menyirami tanaman?,Indonesian
क्या आपने पौधों को पानी दिया?,Hindi
আপনি কি গাছপালা জল?,Bengali
I have a meeting tomorrow morning.,English
Tengo una reunión mañana por la mañana.,Spanish
J'ai une réunion demain matin.,French
لدي اجتماع صباح الغد.,Arabic
Έχω συνάντηση αύριο το πρωί.,Greek
Ich habe morgen früh eine Besprechung.,German
Ho una riunione domani mattina.,Italian
Tenho uma reunião amanhã de manhã.,Portuguese
Завтра утром у меня встреча.,Russian
明天早上我有一个会议。,Chinese
明日の朝、会議があります。,Japanese
Saya ada rapat besok pagi.,Indonesian
कल सुबह मेरी मीटिंग है.,Hindi
কাল সকালে আমার মিটিং আছে।,Bengali
I’m going to try a new recipe tonight.,English
Esta noche voy a probar una nueva receta.,Spanish
Je vais essayer une nouvelle recette ce soir.,French
سأجرب وصفة جديدة الليلة.,Arabic
Θα δοκιμάσω μια νέα συνταγή απόψε.,Greek
Ich werde heute Abend ein neues Rezept ausprobieren.,German
Stasera proverò una nuova ricetta.,Italian
Vou experimentar uma receita nova esta noite.,Portuguese
Сегодня вечером попробую новый рецепт.,Russian
今晚我要尝试一个新食谱。,Chinese
今夜新しいレシピを試してみます。,Japanese
Saya akan mencoba resep baru malam ini.,Indonesian
मैं आज रात एक नया नुस्खा आज़माने जा रहा हूँ।,Hindi
আমি আজ রাতে একটি নতুন রেসিপি চেষ্টা করতে যাচ্ছি।,Bengali
The neighbor’s dog is barking again.,English
El perro del vecino vuelve a ladrar.,Spanish
Le chien du voisin aboie à nouveau.,French
كلب الجيران ينبح مرة أخرى.,Arabic
Ο σκύλος του γείτονα γαβγίζει ξανά.,Greek
Der Hund des Nachbarn bellt wieder.,German
Il cane del vicino abbaia di nuovo.,Italian
O cachorro do vizinho está latindo de novo.,Portuguese
Соседская собака снова лает.,Russian
邻居家的狗又叫了。,Chinese
近所の犬がまた吠えています。,Japanese
Anjing tetangga menggonggong lagi.,Indonesian
पड़ोसी का कुत्ता फिर भौंक रहा है.,Hindi
প্রতিবেশীর কুকুর আবার ঘেউ ঘেউ করছে।,Bengali
I saw a beautiful butterfly in the garden.,English
Vi una hermosa mariposa en el jardín.,Spanish
J'ai vu un beau papillon dans le jardin.,French
رأيت فراشة جميلة في الحديقة.,Arabic
Είδα μια όμορφη πεταλούδα στον κήπο.,Greek
Ich habe einen wunderschönen Schmetterling im Garten gesehen.,German
Ho visto una bellissima farfalla nel giardino.,Italian
Eu vi uma linda borboleta no jardim.,Portuguese
Я увидел красивую бабочку в саду.,Russian
我在花园里看到一只美丽的蝴蝶。,Chinese
私は庭で美しい蝶を見ました。,Japanese
Saya melihat kupu-kupu yang cantik di taman.,Indonesian
मैंने बगीचे में एक सुंदर तितली देखी।,Hindi
বাগানে একটা সুন্দর প্রজাপতি দেখলাম।,Bengali
This song is stuck in my head.,English
Esta canción está atrapada en mi cabeza.,Spanish
Cette chanson est coincée dans ma tête.,French
هذه الأغنية عالقة في رأسي.,Arabic
Αυτό το τραγούδι έχει κολλήσει στο κεφάλι μου.,Greek
Dieses Lied bleibt in meinem Kopf hängen.,German
Questa canzone mi è rimasta in testa.,Italian
Essa música está presa na minha cabeça.,Portuguese
Эта песня застряла у меня в голове.,Russian
这首歌深深地印在我的脑海里。,Chinese
この歌が頭から離れない。,Japanese
Lagu ini melekat di kepalaku.,Indonesian
यह गाना मेरे दिमाग में बस गया है.,Hindi
এই গানটা আমার মাথায় গেঁথে আছে।,Bengali
Have you ever been to Italy?,English
¿Alguna vez has estado en Italia?,Spanish
Avez-vous déjà été en Italie?,French
هل سبق لك أن زرت إيطاليا ؟,Arabic
Έχετε πάει ποτέ στην Ιταλία;,Greek
Sind Sie jemals in Italien gewesen?,German
Sei mai stato in Italia?,Italian
Você já foi para a Itália?,Portuguese
Вы когда-нибудь были в Италии?,Russian
你以前去过意大利吗？,Chinese
イタリアに行ったことがありますか？,Japanese
Apakah Anda pernah ke Italia?,Indonesian
क्या आप कभी इटली गए हैं?,Hindi
আপনি কি কখনো ইতালিতে গেছেন?,Bengali
I'm thinking of buying a new car.,English
Estoy pensando en comprarme un coche nuevo.,Spanish
Je pense acheter une nouvelle voiture.,French
أفكر في شراء سيارة جديدة.,Arabic
Σκέφτομαι να αγοράσω καινούργιο αυτοκίνητο.,Greek
"Ich denke darüber nach, ein neues Auto zu kaufen.",German
Sto pensando di comprare una macchina nuova.,Italian
Estou pensando em comprar um carro novo.,Portuguese
Я думаю о покупке новой машины.,Russian
我正在考虑买一辆新车。,Chinese
新しい車の購入を考えています。,Japanese
Saya sedang berpikir untuk membeli mobil baru.,Indonesian
मैं एक नई कार खरीदने की सोच रहा हूं।,Hindi
আমি একটা নতুন গাড়ি কেনার কথা ভাবছি।,Bengali
The grocery store was out of my favorite cereal.,English
En el supermercado se había acabado mi cereal favorito.,Spanish
L’épicerie n’avait plus mes céréales préférées.,French
متجر البقالة كان خارج الحبوب المفضلة لدي.,Arabic
Το παντοπωλείο ήταν έξω από τα αγαπημένα μου δημητριακά.,Greek
Im Supermarkt gab es mein Lieblingsmüsli nicht mehr.,German
Il supermercato aveva finito i miei cereali preferiti.,Italian
O supermercado estava sem meu cereal favorito.,Portuguese
В продуктовом магазине закончились мои любимые хлопья.,Russian
杂货店里我最喜欢的麦片断货了。,Chinese
スーパーには私の大好きなシリアルがなくなっていました。,Japanese
Toko kelontong kehabisan sereal favorit saya.,Indonesian
किराने की दुकान में मेरा पसंदीदा अनाज ख़त्म हो गया था।,Hindi
মুদি দোকান আমার প্রিয় খাদ্যশস্য আউট ছিল.,Bengali
I'm going to bake a cake.,English
Voy a hornear un pastel.,Spanish
Je vais faire un gâteau.,French
انا ذاهب لخبز كعكة.,Arabic
Πάω να ψήσω ένα κέικ.,Greek
Ich werde einen Kuchen backen.,German
Vado a preparare una torta.,Italian
Vou fazer um bolo.,Portuguese
Я собираюсь испечь торт.,Russian
我要去烤一个蛋糕。,Chinese
ケーキを焼くつもりです。,Japanese
Aku akan membuat kue.,Indonesian
मैं केक बनाने जा रहा हूँ.,Hindi
আমি একটি কেক বেক করতে যাচ্ছি.,Bengali
I think I’ll take a nap.,English
Creo que tomaré una siesta.,Spanish
Je pense que je vais faire une sieste.,French
أعتقد أنني سوف آخذ قيلولة.,Arabic
Νομίζω ότι θα πάρω έναν υπνάκο.,Greek
"Ich glaube, ich mache ein Nickerchen.",German
Penso che farò un pisolino.,Italian
Acho que vou tirar uma soneca.,Portuguese
"Думаю, я вздремну.",Russian
我想我要小睡一下。,Chinese
昼寝をしようと思います。,Japanese
Saya pikir saya akan tidur siang.,Indonesian
मुझे लगता है मैं झपकी ले लूँगा।,Hindi
আমি মনে করি আমি একটি ঘুম নেব.,Bengali
I need to get my hair cut.,English
Necesito cortarme el pelo.,Spanish
Je dois me faire couper les cheveux.,French
أحتاج إلى قص شعري.,Arabic
Πρέπει να κόψω τα μαλλιά μου.,Greek
Ich muss mir die Haare schneiden lassen.,German
Devo tagliarmi i capelli.,Italian
Preciso cortar meu cabelo.,Portuguese
Мне нужно подстричься.,Russian
我需要剪头发。,Chinese
髪を切らなければなりません。,Japanese
Aku perlu memotong rambutku.,Indonesian
मुझे अपने बाल कटवाने हैं.,Hindi
আমার চুল কাটতে হবে।,Bengali
That's a really interesting painting.,English
Esa es una pintura realmente interesante.,Spanish
C'est une peinture vraiment intéressante.,French
هذه لوحة مثيرة للاهتمام حقًا.,Arabic
Αυτός είναι ένας πραγματικά ενδιαφέρον πίνακας.,Greek
Das ist ein wirklich interessantes Gemälde.,German
È un dipinto davvero interessante.,Italian
Essa é uma pintura realmente interessante.,Portuguese
Это действительно интересная картина.,Russian
这真是一幅有趣的画。,Chinese
本当に面白い絵ですね。,Japanese
Itu lukisan yang sangat menarik.,Indonesian
वह सचमुच एक दिलचस्प पेंटिंग है.,Hindi
এটা সত্যিই একটি আকর্ষণীয় পেইন্টিং.,Bengali
I should probably clean my room.,English
Probablemente debería limpiar mi habitación.,Spanish
Je devrais probablement nettoyer ma chambre.,French
ربما يجب أن أنظف غرفتي.,Arabic
Μάλλον πρέπει να καθαρίσω το δωμάτιό μου.,Greek
Ich sollte wahrscheinlich mein Zimmer aufräumen.,German
Probabilmente dovrei pulire la mia stanza.,Italian
Eu provavelmente deveria limpar meu quarto.,Portuguese
"Наверное, мне стоит убрать свою комнату.",Russian
我也许应该打扫我的房间。,Chinese
おそらく部屋を掃除したほうがいいでしょう。,Japanese
Aku mungkin harus membersihkan kamarku.,Indonesian
शायद मुझे अपना कमरा साफ़ करना चाहिए।,Hindi
আমার সম্ভবত আমার রুম পরিষ্কার করা উচিত।,Bengali
The traffic is moving slowly.,English
El tráfico avanza lentamente.,Spanish
La circulation avance lentement.,French
حركة المرور تتحرك ببطء.,Arabic
Η κυκλοφορία διεξάγεται με αργό ρυθμό.,Greek
Der Verkehr bewegt sich langsam.,German
Il traffico si muove lentamente.,Italian
O tráfego está se movendo lentamente.,Portuguese
Транспорт движется медленно.,Russian
交通正在缓慢行驶。,Chinese
交通の流れはゆっくりです。,Japanese
Lalu lintas bergerak lambat.,Indonesian
ट्रैफिक धीरे-धीरे चल रहा है.,Hindi
ধীরগতিতে চলছে যান চলাচল।,Bengali
Did you see that shooting star?,English
¿Viste esa estrella fugaz?,Spanish
Avez-vous vu cette étoile filante ?,French
هل رأيت هذا النجم؟,Arabic
Είδες εκείνο το πεφταστέρι;,Greek
Hast du die Sternschnuppe gesehen?,German
Hai visto quella stella cadente?,Italian
Você viu aquela estrela cadente?,Portuguese
Вы видели ту падающую звезду?,Russian
你看到那颗流星了吗？,Chinese
あの流れ星を見ましたか？,Japanese
Apakah Anda melihat bintang jatuh itu?,Indonesian
क्या आपने वह टूटता तारा देखा?,Hindi
আপনি কি সেই শুটিং তারকা দেখেছেন?,Bengali
I'm going to the gym after work.,English
Voy al gimnasio después del trabajo.,Spanish
Je vais à la salle de sport après le travail.,French
سأذهب إلى صالة الألعاب الرياضية بعد العمل.,Arabic
Πάω στο γυμναστήριο μετά τη δουλειά.,Greek
Ich gehe nach der Arbeit ins Fitnessstudio.,German
Vado in palestra dopo il lavoro.,Italian
Vou para a academia depois do trabalho.,Portuguese
Я иду в спортзал после работы.,Russian
下班后我要去健身房。,Chinese
仕事が終わったらジムに行きます。,Japanese
Saya pergi ke gym setelah bekerja.,Indonesian
मैं काम के बाद जिम जा रहा हूं।,Hindi
আমি কাজ শেষে জিমে যাচ্ছি।,Bengali
I'm looking for a new job.,English
Estoy buscando un nuevo trabajo.,Spanish
Je recherche un nouvel emploi.,French
أنا أبحث عن وظيفة جديدة.,Arabic
Ψάχνω για νέα δουλειά.,Greek
Ich suche einen neuen Job.,German
Sto cercando un nuovo lavoro.,Italian
Estou procurando um novo emprego.,Portuguese
Я ищу новую работу.,Russian
我正在寻找新工作。,Chinese
新しい仕事を探しています。,Japanese
Saya sedang mencari pekerjaan baru.,Indonesian
मैं नई नौकरी की तलाश में हूं.,Hindi
আমি একটি নতুন কাজ খুঁজছি.,Bengali
Did you get the email I sent you?,English
¿Recibiste el correo electrónico que te envié?,Spanish
Avez-vous reçu l'e-mail que je vous ai envoyé ?,French
هل حصلت على البريد الإلكتروني الذي أرسلته لك؟,Arabic
Πήρες το email που σου έστειλα;,Greek
"Hast du die E-Mail erhalten, die ich dir geschickt habe?",German
Hai ricevuto l'e-mail che ti ho inviato?,Italian
Você recebeu o e-mail que te enviei?,Portuguese
"Вы получили письмо, которое я вам отправил?",Russian
你收到我发给你的电子邮件了吗？,Chinese
私が送ったメールは届きましたか？,Japanese
Apakah Anda mendapatkan email yang saya kirimkan kepada Anda?,Indonesian
क्या आपको वह ईमेल मिला जो मैंने आपको भेजा था?,Hindi
আমি আপনাকে যে ইমেল পাঠিয়েছি আপনি কি পেয়েছেন?,Bengali
I’m going to volunteer at the animal shelter this weekend.,English
Este fin de semana seré voluntario en el refugio de animales.,Spanish
Je vais faire du bénévolat au refuge pour animaux ce week-end.,French
سأتطوع في ملجأ الحيوانات في نهاية هذا الأسبوع.,Arabic
Θα πάω εθελοντικά στο καταφύγιο ζώων αυτό το Σαββατοκύριακο.,Greek
Ich werde dieses Wochenende ehrenamtlich im Tierheim arbeiten.,German
Questo fine settimana farò volontariato al rifugio per animali.,Italian
Vou ser voluntário no abrigo de animais neste fim de semana.,Portuguese
На этих выходных я собираюсь поработать волонтером в приюте для животных.,Russian
这个周末我要去动物收容所做志愿者。,Chinese
今週末、動物保護施設でボランティアをするつもりです。,Japanese
Saya akan menjadi sukarelawan di penampungan hewan akhir pekan ini.,Indonesian
मैं इस सप्ताह के अंत में पशु आश्रय में स्वयंसेवा करने जा रहा हूँ।,Hindi
আমি এই সপ্তাহান্তে পশুর আশ্রয়ে স্বেচ্ছাসেবক হতে যাচ্ছি।,Bengali
The library has a great selection of books.,English
La biblioteca tiene una gran selección de libros.,Spanish
La bibliothèque possède une grande sélection de livres.,French
تحتوي المكتبة على مجموعة كبيرة من الكتب.,Arabic
Η βιβλιοθήκη έχει μεγάλη ποικιλία βιβλίων.,Greek
Die Bibliothek verfügt über eine große Auswahl an Büchern.,German
La biblioteca ha un'ottima selezione di libri.,Italian
A biblioteca possui uma grande seleção de livros.,Portuguese
В библиотеке большой выбор книг.,Russian
图书馆藏书丰富。,Chinese
図書館には豊富な書籍が揃っています。,Japanese
Perpustakaan memiliki banyak pilihan buku.,Indonesian
पुस्तकालय में पुस्तकों का बहुत अच्छा चयन है।,Hindi
লাইব্রেরিতে বইয়ের একটি দুর্দান্ত নির্বাচন রয়েছে।,Bengali
I think I locked myself out of the house.,English
Creo que me quedé fuera de casa.,Spanish
Je pense que je me suis enfermé hors de la maison.,French
أعتقد أنني أغلقت نفسي خارج المنزل.,Arabic
Νομίζω ότι κλειδώθηκα έξω από το σπίτι.,Greek
"Ich glaube, ich habe mich aus dem Haus ausgesperrt.",German
Penso di essermi chiuso fuori di casa.,Italian
Acho que me tranquei fora de casa.,Portuguese
"Кажется, я заперся вне дома.",Russian
我想我把自己锁在屋外了。,Chinese
家から閉め出したのだと思います。,Japanese
Sepertinya aku mengunci diri di luar rumah.,Indonesian
मुझे लगता है कि मैंने खुद को घर से बाहर बंद कर लिया है।,Hindi
আমার মনে হয় আমি নিজেকে ঘর থেকে বন্ধ করে রেখেছি।,Bengali
I'm going to take a photography class.,English
Voy a tomar una clase de fotografía.,Spanish
Je vais suivre un cours de photographie.,French
سأذهب لأخذ دروس التصوير الفوتوغرافي.,Arabic
Πάω να κάνω μάθημα φωτογραφίας.,Greek
Ich werde einen Fotokurs belegen.,German
Vado a seguire un corso di fotografia.,Italian
Vou fazer um curso de fotografia.,Portuguese
Я собираюсь пойти на урок фотографии.,Russian
我要去上摄影课。,Chinese
写真教室に通うつもりです。,Japanese
Saya akan mengambil kelas fotografi.,Indonesian
मैं एक फोटोग्राफी क्लास लेने जा रहा हूँ।,Hindi
আমি একটি ফটোগ্রাফি ক্লাস নিতে যাচ্ছি.,Bengali
The store is having a sale.,English
La tienda está de rebajas.,Spanish
Le magasin fait des soldes.,French
المتجر لديه عملية بيع.,Arabic
Το κατάστημα έχει εκπτώσεις.,Greek
Im Laden findet ein Ausverkauf statt.,German
Il negozio sta effettuando dei saldi.,Italian
A loja está em liquidação.,Portuguese
В магазине проходит распродажа.,Russian
商店正在促销。,Chinese
店内ではセールを行っております。,Japanese
Toko sedang mengadakan obral.,Indonesian
दुकान पर बिक्री चल रही है.,Hindi
দোকান একটি বিক্রি হচ্ছে.,Bengali
I love the smell of freshly cut grass.,English
Me encanta el olor a hierba recién cortada.,Spanish
J'aime l'odeur de l'herbe fraîchement coupée.,French
أنا أحب رائحة العشب المقطوع حديثًا.,Arabic
Λατρεύω τη μυρωδιά του φρεσκοκομμένου χόρτου.,Greek
Ich liebe den Geruch von frisch geschnittenem Gras.,German
Adoro il profumo dell'erba appena tagliata.,Italian
Adoro o cheiro de grama recém cortada.,Portuguese
Обожаю запах свежескошенной травы.,Russian
我喜欢刚割下的青草的味道。,Chinese
刈りたての草の香りが大好きです。,Japanese
Saya suka aroma rumput yang baru dipotong.,Indonesian
मुझे ताज़ी कटी घास की गंध बहुत पसंद है।,Hindi
আমি সদ্য কাটা ঘাসের গন্ধ ভালোবাসি।,Bengali
