English,Spanish,French,Arabic,Greek,German,Italian,Portuguese,Russian,Chinese,Japanese,Indonesian,Hindi,Bengali
company,compañía,entreprise,شركة,εταιρεία,Unternehmen,azienda,empresa,компания,公司,会社,perusahaan,कंपनी,কোম্পানি
travel,viajar,voyage,يسافر,ταξίδι,reisen,viaggio,viagem,путешествовать,旅行,旅行,bepergian,यात्रा,ভ্রমণ
product,producto,produit,منتج,προϊόν,Produkt,prodotto,produto,продукт,产品,製品,produk,उत्पाद,পণ্য
for,para,pour,ل,για,für,per,para,для,为了,のために,untuk,के लिए,জন্য
some,alguno,quelques,بعض,μερικοί,manche,Alcuni,alguns,некоторый,一些,いくつかの,beberapa,कुछ,কিছু
in,en,dans,في,σε,In,In,em,в,在,で,di dalam,में,মধ্যে
items,elementos,articles,أغراض,είδη,Artikel,elementi,Unid,предметы,项目,アイテム,item,सामान,আইটেম
information,información,information,معلومة,πληροφορίες,Information,informazioni,Informação,информация,信息,情報,informasi,जानकारी,তথ্য
store,almacenar,magasin,محل,κατάστημα,speichern,negozio,loja,магазин,店铺,店,toko,इकट्ठा करना,দোকান
should,debería,devrait,يجب,πρέπει,sollen,Dovrebbe,deve,должен,应该,すべき,sebaiknya,चाहिए,উচিত
a,a,un,أ,ένα,A,UN,um,а,一个,ある,A,ए,ক
services,servicios,services,خدمات,υπηρεσίες,Dienstleistungen,servizi,serviços,услуги,服务,サービス,layanan,सेवा,সেবা
book,libro,livre,كتاب,βιβλίο,Buch,libro,livro,книга,书,本,buku,किताब,বই
no,No,Non,لا,Όχι,NEIN,NO,não,нет,不,いいえ,TIDAK,नहीं,না
must,debe,doit,يجب,πρέπει,muss,dovere,deve,должен,必须,しなければならない,harus,अवश्य,আবশ্যক
them,a ellos,eux,هم,τους,ihnen,loro,eles,их,他们,彼ら,mereka,उन्हें,তাদের
s,s,s,ق,μικρό,S,S,é,с,s,s,S,एस,s
privacy,privacidad,confidentialité,خصوصية,μυστικότητα,Privatsphäre,privacy,privacidade,конфиденциальность,隐私,プライバシー,pribadi,गोपनीयता,গোপনীয়তা
do,hacer,faire,يفعل,κάνω,Tun,Fare,fazer,делать,做,する,Mengerjakan,करना,করতে
ebay,ebay,ebay,موقع ئي باي,ebay,eBay,ebay,ebay,ebay,易趣,イーベイ,ebay,EBAY,ইবে
make,hacer,faire,يصنع,μάρκα,machen,Fare,fazer,делать,制作,作る,membuat,बनाना,করা
that,eso,que,الذي - التي,ότι,Das,Quello,que,что,那,それ,itu,वह,যে
me,a mí,moi,أنا,μου,Mich,Me,meu,мне,我,自分,Saya,मुझे,আমি
very,muy,très,جداً,πολύ,sehr,molto,muito,очень,非常,とても,sangat,बहुत,খুব
other,otro,autre,آخر,άλλος,andere,altro,outro,другой,其他,他の,lainnya,अन्य,অন্যান্য
to,a,à,ل,να,Zu,A,para,к,到,に,ke,को,থেকে
center,centro,centre,مركز,κέντρο,Center,centro,centro,центр,中心,中心,tengah,केंद्र,কেন্দ্র
data,datos,données,بيانات,δεδομένα,Daten,dati,dados,данные,数据,データ,data,डेटा,তথ্য
and,y,et,و,και,Und,E,e,и,和,そして,Dan,और,এবং
were,eran,étaient,كان,ήταν,war,erano,eram,были,是,だった,adalah,थे,ছিল
order,orden,commande,طلب,παραγγελία,Befehl,ordine,ordem,заказ,命令,注文,memesan,आदेश,আদেশ
one,uno,un,واحد,ένας,eins,uno,um,один,一,1つ,satu,एक,এক
international,internacional,international,دولي,διεθνής,international,internazionale,internacional,международный,国际的,国際的,internasional,अंतरराष्ट्रीय,আন্তর্জাতিক
buy,comprar,acheter,يشتري,αγορά,kaufen,acquistare,comprar,купить,买,買う,membeli,खरीदना,কিনতে
how,cómo,comment,كيف,πως,Wie,Come,como,как,如何,どうやって,Bagaimana,कैसे,কিভাবে
years,años,années,سنين,χρόνια,Jahre,anni,anos,годы,年,年,bertahun-tahun,साल,বছর
our,nuestro,notre,ملكنا,μας,unser,Nostro,nosso,наш,我们的,私たちの,kita,हमारा,আমাদের
item,artículo,article,غرض,είδος,Artikel,articolo,item,элемент,物品,アイテム,barang,वस्तु,আইটেম
music,música,musique,موسيقى,μουσική,Musik,musica,música,музыка,音乐,音楽,musik,संगीत,সঙ্গীত
would,quería,serait,كان,θα,würde,volevo,seria,бы,会,するだろう,akan,चाहेंगे,হবে
review,revisar,revoir,مراجعة,κριτική,Rezension,revisione,análise,обзор,审查,レビュー,tinjauan,समीक्षा,পর্যালোচনা
but,pero,mais,لكن,αλλά,Aber,Ma,mas,но,但,しかし,Tetapi,लेकिन,কিন্তু
f,F,f,و,φά,F,F,f,ж,f,f,F,एफ,চ
products,productos,produits,منتجات,προϊόντα,Produkte,prodotti,produtos,продукты,产品,製品,produk,उत्पादों,পণ্য
of,de,de,ل,του,von,Di,de,из,的,の,dari,का,এর
been,estado,a été,كان,ήταν,gewesen,stato,estive,был,到过,された,pernah,गया,হয়েছে
the,el,le,ال,ο,Die,IL,o,тот,这,の,itu,,দ
she,ella,elle,هي,αυτή,sie,Lei,ela,она,她,彼女,dia,वह,সে
free,gratis,gratuit,حر,δωρεάν,frei,gratuito,livre,бесплатно,自由的,無料,bebas,मुक्त,বিনামূল্যে
real,real,réel,حقيقي,πραγματικός,real,vero,real,настоящий,真实的,本物,nyata,असली,বাস্তব
most,mayoría,la plupart,معظم,πλέον,am meisten,maggior parte,maioria,большинство,最多,ほとんど,paling,अधिकांश,সর্বাধিক
am,soy,suis,أكون,π.μ,Bin,Sono,sou,являюсь,是,午前,pagi,पूर्वाह्न,am
links,campo de golf,links,الروابط,έδαφος διά παιγνίδι γκολφ,Links,collegamenti,links,ссылки,链接,リンク,tautan,लिंक,লিঙ্ক
search,buscar,recherche,يبحث,έρευνα,suchen,ricerca,procurar,поиск,搜索,検索,mencari,खोज,অনুসন্ধান
hotel,hotel,hôtel,الفندق,ξενοδοχείο,Hotel,albergo,hotel,отель,酒店,ホテル,hotel,होटल,হোটেল
last,último,dernier,آخر,τελευταίος,zuletzt,scorso,durar,последний,最后的,最後,terakhir,अंतिम,শেষ
first,primero,d'abord,أولاً,πρώτα,Erste,Primo,primeiro,первый,第一的,初め,Pertama,पहला,প্রথম
each,cada,chaque,كل,κάθε,jede,ogni,cada,каждый,每个,それぞれ,setiap,प्रत्येक,প্রতিটি
has,tiene,a,لديه,έχει,hat,ha,tem,имеет,有,もっている,memiliki,है,আছে
united,unido,uni,متحد,ενωμένος,vereinigt,unito,unido,объединенный,团结的,ユナイテッド,serikat,यूनाइटेड,ঐক্যবদ্ধ
work,trabajar,travail,عمل,εργασία,arbeiten,lavoro,trabalhar,работа,工作,仕事,bekerja,काम,কাজ
e,mi,e,ه,μι,e,e,e,е,e,e,e,ई,e
m,metro,m,م,m,M,M,eu,м,米,メートル,M,एम,মি
my,mi,mon,لي,μου,Mein,Mio,meu,мой,我的,私の,-ku,मेरा,আমার
great,excelente,super,عظيم,μεγάλος,Großartig,Grande,ótimo,большой,伟大的,素晴らしい,Besar,महान,মহান
b,b,b,ب,σι,B,B,b,б,乙,b,B,बी,খ
c,do,c,ج,ντο,C,C,c,с,c,c,C,सी,গ
through,a través de,à travers,خلال,διά μέσου,durch,Attraverso,através,через,通过,を通して,melalui,के माध्यम से,মাধ্যমে
page,página,page,صفحة,σελίδα,Seite,pagina,página,страница,页,ページ,halaman,पेज,পৃষ্ঠা
could,podría,pourrait,استطاع,θα μπορούσε,könnte,Potevo,poderia,мог,可以,できた,bisa,सकना,পারে
go,ir,aller,يذهب,πάω,gehen,andare,ir,идти,去,行く,pergi,जाना,যান
online,en línea,en ligne,متصل,online,online,in linea,on-line,онлайн,在线的,オンライン,on line,ऑनलाइन,অনলাইন
school,escuela,école,مدرسة,σχολείο,Schule,scuola,escola,школа,学校,学校,sekolah,विद्यालय,স্কুল
these,estos,ces,هؤلاء,αυτοί,diese,questi,esses,эти,这些,これら,ini,इन,এই
if,si,si,لو,αν,Wenn,Se,se,если,如果,もし,jika,अगर,যদি
part,parte,partie,جزء,μέρος,Teil,parte,papel,часть,部分,一部,bagian,भाग,অংশ
used,usado,utilisé,مستخدم,μεταχειρισμένος,gebraucht,usato,usado,использовал,用过的,使用済み,digunakan,इस्तेमाल किया गया,ব্যবহৃত
view,vista,voir,منظر,θέα,Sicht,visualizzazione,visualizar,вид,看法,ビュー,melihat,देखना,দেখুন
address,DIRECCIÓN,adresse,عنوان,διεύθυνση,Adresse,indirizzo,endereço,адрес,地址,住所,alamat,पता,ঠিকানা
high,alto,haut,عالي,ψηλά,hoch,alto,alto,высокий,高的,高い,tinggi,उच्च,উচ্চ
about,acerca de,à propos,عن,για,um,Di,sobre,о,关于,について,tentang,के बारे में,সম্পর্কে
p,pag,p,ص,σελ,P,P,p,п,p,p,P,पी,পি
next,próximo,suivant,التالي,επόμενος,nächste,Prossimo,próximo,следующий,下一个,次,Berikutnya,अगला,পরবর্তী
pm,p.m,pm,مساءً,Μμ,Uhr,pm,tarde,вечер,下午,午後,pm,बजे,pm
internet,Internet,Internet,إنترنت,Internet,Internet,Internet,Internet,Интернет,互联网,インターネット,Internet,इंटरनेट,ইন্টারনেট
books,libros,livres,كتب,βιβλία,Bücher,libri,livros,книги,图书,本,buku,किताबें,বই
us,a nosotros,nous,نحن,μας,uns,noi,nós,нас,我们,私たち,kita,हम,আমাদের
management,gestión,gestion,إدارة,διαχείριση,Management,gestione,gerenciamento,управление,管理,管理,pengelolaan,प्रबंध,ব্যবস্থাপনা
re,re,concernant,يكرر,σχετικά με,Re,Rif,ré,ре,关于,再,ulang,दोबारा,পুনরায়
get,conseguir,obtenir,يحصل,παίρνω,erhalten,Ottenere,pegar,получать,得到,得る,mendapatkan,पाना,পেতে
posted,al corriente,posté,نشر,αναρτήθηκε,gepostet,pubblicato,postado,опубликовано,发布,投稿されました,diposting,की तैनाती,পোস্ট করা হয়েছে
public,público,publique,عام,κοινό,öffentlich,pubblico,público,общественный,民众,公共,publik,जनता,পাবলিক
can,poder,peut,يستطيع,κουτί,dürfen,Potere,pode,может,能,できる,Bisa,कर सकना,পারে
days,días,jours,أيام,ημέρες,Tage,giorni,dias,дни,天,日,hari,दिन,দিন
world,mundo,monde,عالم,κόσμος,Welt,mondo,mundo,мир,世界,世界,dunia,दुनिया,বিশ্ব
help,ayuda,aide,يساعد,βοήθεια,helfen,aiuto,ajuda,помощь,帮助,ヘルプ,membantu,मदद,সাহায্য
take,llevar,prendre,يأخذ,παίρνω,nehmen,Prendere,pegar,брать,拿,取る,mengambil,लेना,নিতে
rights,derechos,droits,حقوق,δικαιώματα,Rechte,diritti,direitos,права,权利,権利,hak,अधिकार,অধিকার
home,hogar,maison,بيت,σπίτι,heim,casa,lar,дом,家,家,rumah,घर,বাড়ি
way,forma,chemin,طريق,τρόπος,Weg,modo,caminho,способ,方式,方法,jalan,रास्ता,উপায়
n,norte,n,ن,n,N,N,n,н,n,n,N,एन,n
now,ahora,maintenant,الآن,τώρα,Jetzt,Ora,agora,сейчас,现在,今,Sekarang,अब,এখন
design,diseño,conception,تصميم,σχέδιο,Design,progetto,projeto,дизайн,设计,デザイン,desain,डिज़ाइन,নকশা
info,información,infos,معلومات,πληροφορίες,Info,informazioni,informações,информация,信息,情報,info,जानकारी,তথ্য
will,voluntad,volonté,سوف,θα,Wille,Volere,vai,воля,将要,意思,akan,इच्छा,হবে
games,juegos,jeux,ألعاب,παιχνίδια,Spiele,giochi,jogos,игры,游戏,ゲーム,pertandingan,खेल,গেম
health,salud,santé,صحة,υγεία,Gesundheit,salute,saúde,здоровье,健康,健康,kesehatan,स्वास्थ्य,স্বাস্থ্য
is,es,est,يكون,είναι,Ist,È,é,является,是,は,adalah,है,হয়
also,también,aussi,أيضًا,επίσης,Auch,Anche,também,также,还,また,Juga,भी,এছাড়াও
car,auto,voiture,سيارة,αυτοκίνητο,Auto,auto,carro,машина,车,車,mobil,कार,গাড়ী
where,dónde,où,أين,όπου,Wo,Dove,onde,где,在哪里,どこ,Di mana,कहाँ,যেখানে
we,nosotros,nous,نحن,εμείς,Wir,Noi,nós,мы,我们,私たちは,Kami,हम,আমরা
know,saber,savoir,يعرف,ξέρω,wissen,Sapere,saber,знать,知道,知る,tahu,जानना,জানি
two,dos,deux,اثنين,δυο,zwei,due,dois,два,二,二,dua,दो,দুই
web,web,la toile,الويب,ιστός,Web,web,rede,сеть,网络,ウェブ,web,वेब,ওয়েব
national,nacional,national,وطني,εθνικός,national,nazionale,nacional,национальный,国家的,全国,nasional,राष्ट्रीय,জাতীয়
d,d,d,د,ρε,D,D,d,д,d,d,D,डी,d
was,era,était,كان,ήταν,War,era,era,был,曾是,だった,adalah,था,ছিল
email,correo electrónico,e-mail,بريد إلكتروني,e-mail,E-Mail,e-mail,e-mail,электронная почта,电子邮件,電子メール,e-mail,ईमेल,ইমেইল
who,OMS,OMS,من,ΠΟΥ,WHO,Chi,Quem,ВОЗ,WHO,誰が,WHO,कौन,WHO
education,educación,éducation,تعليم,εκπαίδευση,Ausbildung,istruzione,educação,образование,教育,教育,pendidikan,शिक्षा,শিক্ষা
well,Bueno,Bien,حسنًا,Λοιπόν,Also,BENE,bem,хорошо,出色地,良い,Sehat,कुंआ,ভাল
an,un,un,ان,ένα,ein,UN,um,а,一个,の,sebuah,एक,একটি
program,programa,programme,برنامج,πρόγραμμα,Programm,programma,programa,программа,程序,プログラム,program,कार्यक्रम,প্রোগ্রাম
into,en,dans,داخل,σε,hinein,in,em,в,进入,の中へ,ke dalam,में,মধ্যে
business,negocio,entreprise,عمل,επιχείρηση,Geschäft,Attività commerciale,negócios,бизнес,商业,仕事,bisnis,व्यापार,ব্যবসা
office,oficina,bureau,مكتب,γραφείο,Büro,ufficio,escritório,офис,办公室,オフィス,kantor,कार्यालय,অফিস
video,video,vidéo,فيديو,βίντεο,Video,video,vídeo,видео,视频,ビデオ,video,वीडियो,ভিডিও
more,más,plus,أكثر,περισσότερο,mehr,Di più,mais,более,更多的,もっと,lagi,अधिक,আরো
reviews,opiniones,avis,المراجعات,κριτικές,Bewertungen,recensioni,comentários,обзоры,评论,レビュー,ulasan,समीक्षा,পর্যালোচনা
day,día,jour,يوم,ημέρα,Tag,giorno,dia,день,天,日,hari,दिन,দিন
here,aquí,ici,هنا,εδώ,Hier,Qui,aqui,здесь,这里,ここ,Di Sini,यहाँ,এখানে
results,resultados,résultats,نتائج,αποτελέσματα,Ergebnisse,risultati,resultados,результаты,结果,結果,hasil,परिणाम,ফলাফল
good,bien,bien,جيد,καλός,Gut,Bene,bom,хороший,好的,良い,Bagus,अच्छा,ভাল
new,nuevo,nouveau,جديد,νέος,neu,nuovo,novo,новый,新的,新しい,baru,नया,নতুন
map,mapa,carte,رسم خريطة,χάρτης,Karte,mappa,mapa,карта,地图,地図,peta,नक्शा,মানচিত্র
year,año,année,سنة,έτος,Jahr,anno,ano,год,年,年,tahun,वर्ष,বছর
contact,contacto,contact,اتصال,επαφή,Kontakt,contatto,contato,контакт,接触,接触,kontak,संपर्क,যোগাযোগ
using,usando,en utilisant,استخدام,χρησιμοποιώντας,verwenden,utilizzando,usando,с использованием,使用,を使用して,menggunakan,का उपयोग करते हुए,ব্যবহার করে
jan,ene,jan,يناير,Ιαν,Jan,gen,janeiro,январь,一月,1月,Januari,जनवरी,জান
have,tener,avoir,يملك,έχω,haben,Avere,ter,иметь,有,持っている,memiliki,पास होना,আছে
full,lleno,complet,ممتلىء,γεμάτος,voll,pieno,completo,полный,满的,満杯,penuh,भरा हुआ,পূর্ণ
state,estado,État,ولاية,κατάσταση,Zustand,stato,estado,состояние,状态,州,negara,राज्य,রাষ্ট্র
when,cuando,quand,متى,όταν,Wann,Quando,quando,когда,什么时候,いつ,Kapan,कब,যখন
those,aquellos,ceux,أولئك,εκείνοι,diese,quelli,aqueles,те,那些,それらの,itu,वे,যারা
then,entonces,alors,ثم,τότε,Dann,Poi,então,затем,然后,それから,Kemudian,तब,তারপর
all,todo,tous,الجميع,όλοι,alle,Tutto,todos,все,全部,全て,semua,सभी,সব
mail,correo,mail,بريد,ταχυδρομείο,Post,posta,correspondência,почта,邮件,郵便,surat,मेल,মেইল
over,encima,sur,زيادة,υπερ,über,Sopra,sobre,над,超过,以上,lebih,ऊपर,ওভার
his,su,son,له,του,sein,il suo,dele,его,他的,彼の,miliknya,उसका,তার
local,local,locale,محلي,τοπικός,lokal,locale,local,местный,当地的,地元,lokal,स्थानीय,স্থানীয়
software,software,logiciel,برمجة,λογισμικό,Software,software,programas,программное обеспечение,软件,ソフトウェア,perangkat lunak,सॉफ़्टवेयर,সফ্টওয়্যার
your,su,ton,لك,σας,dein,tuo,seu,твой,你的,あなたの,milikmu,आपका,আপনার
january,enero,Janvier,يناير,Ιανουάριος,Januar,Gennaio,janeiro,январь,一月,1月,Januari,जनवरी,জানুয়ারী
just,justo,juste,فقط,μόλις,Nur,Appena,apenas,только,只是,ただ,hanya,अभी,শুধু
so,entonces,donc,لذا,έτσι,Also,COSÌ,então,так,所以,それで,Jadi,इसलिए,তাই
as,como,comme,مثل,ως,als,COME,como,как,作为,として,sebagai,जैसा,হিসাবে
because,porque,parce que,لأن,επειδή,Weil,Perché,porque,потому что,因为,なぜなら,Karena,क्योंकि,কারণ
best,mejor,meilleur,أفضل,καλύτερος,am besten,migliore,melhor,лучший,最好的,最高,terbaik,श्रेष्ठ,সেরা
university,universidad,université,جامعة,πανεπιστήμιο,Universität,università,universidade,университет,大学,大学,universitas,विश्वविद्यालय,বিশ্ববিদ্যালয়
name,nombre,nom,اسم,όνομα,Name,nome,nome,имя,姓名,名前,nama,नाम,নাম
at,en,à,في,στο,bei,A,no,в,在,で,pada,पर,এ
only,solo,seulement,فقط,μόνο,nur,soltanto,apenas,только,仅有的,のみ,hanya,केवल,শুধুমাত্র
type,tipo,taper,يكتب,τύπος,Typ,tipo,tipo,тип,类型,タイプ,jenis,प्रकार,প্রকার
from,de,depuis,من,από,aus,da,de,от,从,から,dari,से,থেকে
research,investigación,recherche,بحث,έρευνα,Forschung,ricerca,pesquisar,исследовать,研究,研究,riset,अनुसंधान,গবেষণা
list,lista,liste,قائمة,λίστα,Liste,lista,lista,список,列表,リスト,daftar,सूची,তালিকা
see,ver,voir,يرى,βλέπω,sehen,Vedere,ver,видеть,看,見る,melihat,देखना,দেখুন
right,bien,droite,يمين,δικαίωμα,Rechts,Giusto,certo,верно,正确的,右,Kanan,सही,অধিকার
message,mensaje,message,رسالة,μήνυμα,Nachricht,messaggio,mensagem,сообщение,信息,メッセージ,pesan,संदेश,বার্তা
are,son,sont,نكون,εκτάριο,Sind,Sono,são,являются,是,は,adalah,हैं,হয়
general,general,général,عام,γενικός,allgemein,generale,em geral,общий,一般的,一般的な,umum,सामान्य,সাধারণ
had,tenía,avait,ملك,είχε,hatte,avevo,tive,имел,有,持っていた,telah,था,ছিল
there,allá,là,هناك,εκεί,Dort,Là,lá,там,那里,そこには,di sana,वहाँ,সেখানে
be,ser,être,يكون,είναι,Sei,Essere,ser,быть,是,なれ,menjadi,होना,হতে
send,enviar,envoyer,يرسل,στέλνω,schicken,Inviare,enviar,отправлять,发送,送信,mengirim,भेजना,পাঠান
support,apoyo,soutien,يدعم,υποστήριξη,Unterstützung,supporto,apoiar,поддерживать,支持,サポート,mendukung,सहायता,সমর্থন
under,bajo,sous,تحت,υπό,unter,Sotto,sob,под,在下面,下,di bawah,अंतर्गत,অধীন
people,gente,personnes,الناس,άνθρωποι,Menschen,persone,pessoas,люди,人们,人々,rakyat,लोग,মানুষ
or,o,ou,أو,ή,oder,O,ou,или,或者,または,atau,या,বা
any,cualquier,n'importe lequel,أي,κάθε,beliebig,Qualunque,qualquer,любой,任何,どれでも,setiap,कोई,যেকোনো
did,hizo,a fait,فعل,έκανε,tat,fatto,fez,делал,做过,した,telah melakukan,किया,করেছে
copyright,derechos de autor,droit d'auteur,حقوق الطبع والنشر,πνευματική ιδιοκτησία,Copyright,copyright,direitos autorais,авторское право,版权,著作権,hak cipta,कॉपीराइट,কপিরাইট
not,no,pas,لا,δεν,nicht,non,não,нет,不是,ない,bukan,नहीं,না
set,colocar,ensemble,تعيين,σειρά,Satz,impostato,definir,набор,放,セット,mengatur,तय करना,সেট
top,arriba,haut,قمة,κορυφή,Spitze,superiore,principal,вершина,顶部,トップ,atas,शीर्ष,শীর্ষ
use,usar,utiliser,يستخدم,χρήση,verwenden,utilizzo,usar,использовать,使用,使用,menggunakan,उपयोग,ব্যবহার
hotels,hoteles,hôtels,الفنادق,ξενοδοχεία,Hotels,alberghi,hotéis,отели,酒店,ホテル,hotel,होटल,হোটেল
available,disponible,disponible,متاح,διαθέσιμος,verfügbar,disponibile,disponível,доступный,可用的,利用可能,tersedia,उपलब्ध,উপলব্ধ
it,él,il,هو - هي,το,Es,Esso,isto,это,它,それ,dia,यह,এটা
does,hace,fait,يفعل,κάνει,tut,fa,faz,делает,做,する,melakukan,करता है,করে
back,atrás,dos,خلف,πίσω,zurück,Indietro,voltar,назад,后退,戻る,kembali,पीछे,ফিরে
out,afuera,dehors,خارج,έξω,aus,fuori,fora,вне,出去,外,keluar,बाहर,আউট
you,tú,toi,أنت,εσείς,Du,Voi,você,ты,你,あなた,Anda,आप,আপনি
before,antes,avant,قبل,προτού,vor,Prima,antes,до,前,前に,sebelum,पहले,আগে
please,por favor,s'il te plaît,لو سمحت,παρακαλώ,Bitte,Per favore,por favor,пожалуйста,请,お願いします,Tolong,कृपया,দয়া করে
de,Delaware,de,دي,de,de,de,de,де,德,デ,de,डे,ডি
date,fecha,date,تاريخ,ημερομηνία,Datum,data,data,дата,日期,日付,tanggal,तारीख,তারিখ
news,noticias,nouvelles,أخبار,νέα,Nachricht,notizia,notícias,новости,消息,ニュース,berita,समाचार,খবর
terms,términos,termes,شروط,όροι,Bedingungen,termini,termos,условия,条款,条項,ketentuan,शर्तें,শর্তাবলী
such,semejante,tel,هذه,τέτοιος,solch,come,tal,такой,这样的,そのような,seperti,ऐसा,যেমন
said,dicho,dit,قال,είπε,sagte,disse,disse,сказал,说,言った,dikatakan,कहा,বলেছেন
price,precio,prix,سعر,τιμή,Preis,prezzo,preço,цена,价格,価格,harga,कीमत,মূল্য
their,su,leur,هُم,τους,ihre,loro,deles,их,他们的,彼らの,milik mereka,उनका,তাদের
line,línea,doubler,خط,γραμμή,Linie,linea,linha,линия,线,ライン,garis,रेखा,লাইন
number,número,nombre,رقم,αριθμός,Nummer,numero,número,число,数字,番号,nomor,संख्या,সংখ্যা
i,i,je,أنا,εγώ,ich,io,eu,я,我,私,Saya,मैं,i
user,usuario,utilisateur,مستخدم,μεταχειριζόμενος,Benutzer,utente,usuário,пользователь,用户,ユーザー,pengguna,उपयोगकर्ता,ব্যবহারকারী
which,cual,lequel,أيّ,ο οποίος,welche,Quale,qual,который,哪个,どれの,yang,कौन,যা
with,con,avec,مع,με,mit,con,com,с,和,と,dengan,साथ,সঙ্গে
details,detalles,détails,تفاصيل,καθέκαστα,Details,dettagli,detalhes,подробности,细节,詳細,detail,विवरण,বিস্তারিত
policy,política,politique,سياسة,πολιτική,Politik,politica,política,политика,政策,ポリシー,kebijakan,नीति,নীতি
this,este,ce,هذا,αυτό,Das,Questo,esse,этот,这,これ,ini,यह,এই
many,muchos,beaucoup,كثير,πολοί,viele,molti,muitos,много,许多,多くの,banyak,अनेक,অনেক
than,que,que,من,από,als,di,que,чем,比,よりも,dibandingkan,बजाय,চেয়ে
what,qué,quoi,ماذا,Τι,Was,Che cosa,o que,что,什么,何,Apa,क्या,কি
member,miembro,membre,عضو,μέλος,Mitglied,membro,membro,член,成员,メンバー,anggota,सदस्य,সদস্য
add,agregar,ajouter,يضيف,προσθέτω,hinzufügen,aggiungere,adicionar,добавлять,添加,追加,menambahkan,जोड़ना,যোগ করুন
need,necesidad,besoin,يحتاج,ανάγκη,brauchen,Bisogno,precisar,нуждаться,需要,必要,membutuhkan,ज़रूरत,প্রয়োজন
x,incógnita,x,س,x,X,X,x,х,x,×,X,एक्स,x
may,puede,peut,يمكن,Μάιος,Mai,Maggio,poderia,может,可能,5月,mungkin,मई,হতে পারে
off,apagado,désactivé,عن,μακριά από,aus,spento,desligado,выключенный,离开,オフ,mati,बंद,বন্ধ
t,t,t,ر,t,T,T,t,т,t,t,T,टी,t
sex,sexo,sexe,الجنس,φύλο,Sex,sesso,sexo,секс,性别,セックス,seks,सेक्स,যৌনতা
service,servicio,service,خدمة,υπηρεσία,Service,servizio,serviço,услуга,服务,サービス,melayani,सेवा,সেবা
up,arriba,en haut,أعلى,επάνω,hoch,su,acima,вверх,向上,上,ke atas,ऊपर,আপ
by,por,par,بواسطة,με,von,di,por,к,经过,による,oleh,द्वारा,দ্বারা
report,informe,rapport,تقرير,έκθεση,Bericht,rapporto,relatório,отчет,报告,報告,laporan,प्रतिवेदन,রিপোর্ট
city,ciudad,ville,مدينة,πόλη,Stadt,città,cidade,город,城市,市,kota,शहर,শহর
group,grupo,groupe,مجموعة,ομάδα,Gruppe,gruppo,grupo,группа,团体,グループ,kelompok,समूह,দল
like,como,comme,يحب,σαν,wie,Piace,como,нравиться,喜欢,のように,menyukai,पसंद,পছন্দ
he,él,il,هو,αυτός,Er,Lui,ele,он,他,彼,Dia,वह,তিনি
on,en,sur,على,επί,An,SU,sobre,на,在,の上,pada,पर,অন
development,desarrollo,développement,تطوير,ανάπτυξη,Entwicklung,sviluppo,desenvolvimento,разработка,发展,発達,perkembangan,विकास,উন্নয়ন
her,su,son,ها,αυτήν,ihr,suo,dela,ее,她,彼女,dia,उसकी,তার
read,leer,lire,يقرأ,ανάγνωση,lesen,Leggere,ler,читать,读,読む,membaca,पढ़ना,পড়া
its,es,c'est,إنه,του,es ist,suo,isso é,его,它是,その,-nya,इसका,এর
site,sitio,site,موقع,τοποθεσία,Website,sito,site,сайт,地点,サイト,lokasi,साइट,সাইট
made,hecho,fait,صنع,κατασκευασμένος,gemacht,fatto,feito,сделал,制成,作った,dibuat,बनाया,তৈরি
post,correo,poste,بريد,θέση,Post,inviare,publicar,почта,邮政,役職,pos,डाक,পোস্ট
r,r,r,ص,r,R,R,R,р,r,r,R,आर,r
click,hacer clic,cliquez,انقر,κλικ,klicken,clic,clique,щелкнуть,点击,クリック,klik,क्लिक,ক্লিক
they,ellos,ils,هم,αυτοί,Sie,Essi,eles,они,他们,彼らは,mereka,वे,তারা
comments,comentarios,commentaires,تعليقات,σχόλια,Kommentare,commenti,comentários,комментарии,评论,コメント,komentar,टिप्पणियाँ,মন্তব্য
system,sistema,système,نظام,σύστημα,System,sistema,sistema,система,系统,システム,sistem,प्रणाली,সিস্টেম
time,tiempo,temps,وقت,φορά,Zeit,tempo,tempo,время,时间,時間,waktu,समय,সময়
within,dentro,dans,داخل,εντός,innerhalb,entro,dentro de,в пределах,之内,内で,di dalam,अंदर,ভিতরে
states,estados,états,الدول,πολιτείες,Staaten,stati,estados,государства,州,州,negara bagian,राज्य अमेरिका,রাজ্যগুলি
area,área,zone,منطقة,έκταση,Bereich,zona,área,область,区域,エリア,daerah,क्षेत्र,এলাকা
want,desear,vouloir,يريد,θέλω,wollen,Volere,querer,хотеть,想,欲しい,ingin,चाहना,চাই
phone,teléfono,téléphone,هاتف,τηλέφωνο,Telefon,telefono,telefone,телефон,电话,電話,telepon,फ़ोन,ফোন
dvd,DVD,DVD,دي في دي,DVD,DVD,DVD,DVD,DVD,DVD,DVD,DVD,डीवीडी,ডিভিডি
shipping,envío,expédition,شحن,αποστολή,Versand,spedizione,envio,перевозки,船运,配送,pengiriman,शिपिंग,শিপিং
reserved,reservado,réservé,محجوز,Ρεζερβέ,reserviert,prenotato,reservado,сдержанный,预订的,予約済み,disimpan,आरक्षित,সংরক্ষিত
subject,sujeto,sujet,موضوع,θέμα,Thema,soggetto,assunto,предмет,主题,主題,subjek,विषय,বিষয়
between,entre,entre,بين,μεταξύ,zwischen,fra,entre,между,之间,間,di antara,बीच में,মধ্যে
forum,foro,forum,المنتدى,δικαστήριο,Forum,foro,fórum,форум,论坛,フォーラム,forum,मंच,ফোরাম
family,familia,famille,عائلة,οικογένεια,Familie,famiglia,família,семья,家庭,家族,keluarga,परिवार,পরিবার
l,yo,je,ل,μεγάλο,l,l,eu,л,我,私,aku,एल,l
long,largo,long,طويل,μακρύς,lang,lungo,longo,длинный,长的,長さ,panjang,लंबा,দীর্ঘ
based,basado,basé,قائم على,με βάση,basierend,basato,baseado,основанный на,基于,ベースの,berdasarkan,आधारित,ভিত্তিক
w,w,w,ث,w,w,w,c,ш,w,w,w,डब्ल्यू,w
code,código,code,شفرة,κώδικας,Code,codice,código,код,代码,コード,kode,कोड,কোড
show,espectáculo,montrer,يعرض,επίδειξη,zeigen,spettacolo,mostrar,показывать,展示,見せる,menunjukkan,दिखाओ,প্রদর্শন
o,oh,o,س,ο,O,o,ó,о,哦,ああ,Hai,हे,o
even,incluso,même,حتى,ακόμη και,sogar,Anche,até,даже,甚至,平,bahkan,यहां तक ​​की,এমনকি
black,negro,noir,أسود,μαύρος,Schwarz,nero,preto,черный,黑色的,黒,hitam,काला,কালো
check,controlar,vérifier,يفحص,έλεγχος,überprüfen,controllo,verificar,проверять,查看,チェック,memeriksa,जाँच करना,চেক
special,especial,spécial,خاص,ειδικός,besonders,speciale,especial,особенный,特别的,特別,spesial,विशेष,বিশেষ
prices,precios,prix,الأسعار,τιμές,Preise,prezzi,preços,цены,价格,価格,harga,कीमतों,দাম
website,sitio web,site web,موقع إلكتروني,δικτυακός τόπος,Webseite,sito web,site,веб-сайт,网站,Webサイト,situs web,वेबसाइट,ওয়েবসাইট
index,índice,indice,فِهرِس,δείκτης,Index,indice,índice,индекс,指数,索引,indeks,अनुक्रमणिका,সূচক
being,ser,être,كون,ύπαρξη,Sein,essendo,ser,существование,存在,いる,makhluk,प्राणी,হচ্ছে
women,mujer,femmes,نحيف,γυναίκες,Frauen,donne,mulheres,женщины,女性,女性,wanita,औरत,নারী
much,mucho,beaucoup,كثيراً,πολύ,viel,tanto,muito,много,很多,多くの,banyak,अधिकता,অনেক
sign,firmar,signe,لافتة,σημείο,Zeichen,cartello,sinal,знак,符号,サイン,tanda,संकेत,চিহ্ন
file,archivo,déposer,ملف,αρχείο,Datei,file,arquivo,файл,文件,ファイル,mengajukan,फ़ाइल,ফাইল
link,enlace,lien,وصلة,σύνδεσμος,Link,collegamento,link,связь,关联,リンク,link,जोड़ना,লিঙ্ক
open,abierto,ouvrir,يفتح,ανοιχτό,offen,aprire,abrir,открыть,打开,開ける,membuka,खुला,খোলা
today,hoy,aujourd'hui,اليوم,σήμερα,Heute,Oggi,hoje,сегодня,今天,今日,Hari ini,आज,আজ
technology,tecnología,technologie,تكنولوجيا,τεχνολογία,Technologie,tecnologia,tecnologia,технология,技术,テクノロジー,teknologi,तकनीकी,প্রযুক্তি
south,sur,sud,جنوب,νότος,Süden,sud,sul,юг,南,南,selatan,दक्षिण,দক্ষিণ
case,caso,cas,قضية,περίπτωση,Fall,caso,caso,случай,案件,場合,kasus,मामला,মামলা
project,proyecto,projet,مشروع,σχέδιο,Projekt,progetto,projeto,проект,项目,プロジェクト,proyek,परियोजना,প্রকল্প
same,mismo,même,نفس,ίδιο,Dasselbe,Stesso,mesmo,такой же,相同的,同じ,sama,वही,একই
pages,paginas,pages,الصفحات,σελίδες,Seiten,pagine,páginas,страницы,页面,ページ,halaman,पृष्ठों,পৃষ্ঠাগুলি
uk,reino unido,Royaume-Uni,المملكة المتحدة,Ηνωμένο Βασίλειο,Vereinigtes Königreich,Regno Unito,Reino Unido,Великобритания,英国,英国,inggris,यूके,uk
version,versión,version,إصدار,εκδοχή,Version,versione,versão,версия,版本,バージョン,versi,संस्करण,সংস্করণ
section,sección,section,قسم,τμήμα,Abschnitt,sezione,seção,раздел,部分,セクション,bagian,अनुभाग,বিভাগ
own,propio,propre,ملك,ίδιος,eigen,Proprio,ter,собственный,自己的,自分の,memiliki,अपना,নিজস্ব
found,encontró,trouvé,وجد,θεμελιώ,gefunden,trovato,encontrado,найденный,成立,見つかった,ditemukan,मिला,পাওয়া গেছে
sports,deportes,sportif,رياضة,αθλητισμός,Sport,sport,esportes,спорт,运动的,スポーツ,olahraga,खेल,খেলাধুলা
house,casa,maison,منزل,σπίτι,Haus,casa,casa,дом,房子,家,rumah,घर,ঘর
related,relacionado,en rapport,متعلق ب,συγγενεύων,verwandt,imparentato,relacionado,связанный,有关的,関連している,terkait,संबंधित,সম্পর্কিত
security,seguridad,sécurité,حماية,ασφάλεια,Sicherheit,sicurezza,segurança,безопасность,安全,安全,keamanan,सुरक्षा,নিরাপত্তা
find,encontrar,trouver,يجد,εύρημα,finden,Trovare,encontrar,находить,寻找,探す,menemukan,खोजो,খুঁজুন
g,gramo,g,ز,σολ,G,G,g,г,克,g,G,जी,g
county,condado,comté,مقاطعة,κομητεία,County,contea,condado,графство,县,郡,daerah,काउंटी,কাউন্টি
american,americano,Américain,أمريكي,Αμερικανός,amerikanisch,americano,americano,американский,美国人,アメリカ人,Amerika,अमेरिकी,আমেরিকান
photo,foto,photo,صورة,φωτογραφία,Foto,foto,foto,фото,照片,写真,foto,तस्वीर,ফটো
game,juego,jeu,لعبة,παιχνίδι,Spiel,gioco,jogo,игра,游戏,ゲーム,permainan,खेल,খেলা
members,miembros,membres,أعضاء,μέλη,Mitglieder,membri,membros,члены,会员,メンバー,anggota,सदस्यों,সদস্যদের
power,fuerza,pouvoir,قوة,εξουσία,Leistung,energia,poder,власть,力量,力,kekuatan,शक्ति,ক্ষমতা
while,mientras,alors que,بينما,ενώ,während,Mentre,enquanto,пока,尽管,その間,ketika,जबकि,যখন
care,cuidado,soins,رعاية,φροντίδα,Pflege,cura,cuidado,забота,关心,ケア,peduli,देखभाल,যত্ন
network,red,réseau,شبكة,δίκτυο,Netzwerk,rete,rede,сеть,网络,ネットワーク,jaringan,नेटवर्क,নেটওয়ার্ক
down,abajo,vers le bas,تحت,κάτω,runter,giù,abaixo,вниз,向下,下,turun,नीचे,নিচে
computer,computadora,ordinateur,حاسوب,ηλεκτρονικός υπολογιστής,Computer,computer,computador,компьютер,电脑,コンピューター,komputer,कंप्यूटर,কম্পিউটার
systems,sistemas,systèmes,أنظمة,συστήματα,Systeme,sistemi,sistemas,системы,系统,システム,sistem,प्रणाली,সিস্টেম
three,tres,trois,ثلاثة,τρία,drei,tre,três,три,三,三つ,tiga,तीन,তিন
total,total,total,المجموع,σύνολο,gesamt,totale,total,общий,全部的,合計,total,कुल,মোট
place,lugar,lieu,مكان,θέση,Ort,posto,lugar,место,地方,場所,tempat,जगह,স্থান
end,fin,fin,نهاية,τέλος,Ende,FINE,fim,конец,结尾,終わり,akhir,अंत,শেষ
following,siguiente,suivant,التالي,εξής,folgende,seguente,seguindo,следующий,下列的,続く,mengikuti,अगले,অনুসরণ
download,descargar,télécharger,تحميل,λήψη,herunterladen,scaricamento,download,скачать,下载,ダウンロード,unduh,डाउनलोड करना,ডাউনলোড
h,h,h,ح,η,H,H,h,час,小时,h,H,एच,জ
him,a él,lui,له,αυτόν,ihn,lui,ele,ему,他,彼,dia,उसे,তাকে
without,sin,sans,بدون,χωρίς,ohne,senza,sem,без,没有,それなし,tanpa,बिना,ছাড়া
per,por,par,لكل,ανά,pro,per,por,за,每,あたり,per,प्रति,প্রতি
access,acceso,accéder,وصول,πρόσβαση,Zugang,accesso,acesso,доступ,使用权,アクセス,mengakses,पहुँच,অ্যাক্সেস
think,pensar,pense,يفكر,νομίζω,denken,pensare,pensar,думать,思考,考える,memikirkan,सोचना,মনে
north,norte,nord,شمال,βόρειος,Norden,nord,norte,север,北,北,utara,उत्तर,উত্তর
resources,recursos,ressources,موارد,πόροι,Ressourcen,risorse,recursos,ресурсы,资源,リソース,sumber daya,संसाधन,সম্পদ
current,actual,actuel,حاضِر,ρεύμα,aktuell,attuale,atual,текущий,当前的,現在,saat ini,मौजूदा,বর্তমান
posts,publicaciones,messages,دعامات,αναρτήσεις,Beiträge,post,postagens,посты,帖子,投稿,posting,पदों,পোস্ট
big,grande,grand,كبير,μεγάλος,groß,grande,grande,большой,大的,大きい,besar,बड़ा,বড়
media,medios de comunicación,médias,وسائط,μέσα ενημέρωσης,Medien,media,mídia,СМИ,媒体,メディア,media,मिडिया,মিডিয়া
law,ley,loi,قانون,νόμος,Gesetz,legge,lei,закон,法律,法,hukum,कानून,আইন
control,control,contrôle,يتحكم,έλεγχος,Kontrolle,controllare,controlar,контроль,控制,コントロール,kontrol,नियंत्रण,নিয়ন্ত্রণ
water,agua,eau,ماء,νερό,Wasser,acqua,água,вода,水,水,air,पानी,জল
history,historia,histoire,تاريخ,ιστορία,Geschichte,storia,história,история,历史,歴史,sejarah,इतिहास,ইতিহাস
pictures,fotos,des photos,صور,εικόνες,Bilder,immagini,fotos,картинки,图片,写真,gambar,चित्र,ছবি
size,tamaño,taille,مقاس,μέγεθος,Größe,misurare,tamanho,размер,尺寸,サイズ,ukuran,आकार,আকার
art,arte,art,فن,τέχνη,Kunst,arte,arte,искусство,艺术,美術,seni,कला,শিল্প
personal,personal,personnel,شخصي,προσωπικός,persönlich,personale,pessoal,личный,个人的,個人的,pribadi,निजी,ব্যক্তিগত
since,desde,depuis,منذ,από,seit,Da,desde,с,自从,以来,sejak,तब से,থেকে
including,incluido,y compris,مشتمل,συμπεριλαμβανομένου,einschließlich,compreso,incluindo,включая,包括,含む,termasuk,शामिल,সহ
guide,guía,guide,مرشد,οδηγός,Führung,guida,guia,гид,指导,ガイド,memandu,मार्गदर्शक,গাইড
shop,comercio,boutique,محل,κατάστημα,Geschäft,negozio,comprar,магазин,店铺,店,toko,दुकान,দোকান
directory,directorio,annuaire,دليل,τηλεφωνικός κατάλογος,Verzeichnis,directory,diretório,каталог,目录,ディレクトリ,direktori,निर्देशिका,ডিরেক্টরি
board,junta,conseil,سبورة,επιτροπή,Planke,asse,quadro,доска,木板,ボード,papan,तख़्ता,বোর্ড
location,ubicación,emplacement,موقع,τοποθεσία,Standort,posizione,localização,расположение,地点,位置,lokasi,जगह,অবস্থান
change,cambiar,changement,يتغير,αλλαγή,ändern,modifica,mudar,изменять,改变,変化,mengubah,परिवर्तन,পরিবর্তন
white,blanco,blanc,أبيض,λευκό,Weiß,bianco,branco,белый,白色的,白,putih,सफ़ेद,সাদা
text,texto,texte,نص,κείμενο,Text,testo,texto,текст,文本,文章,teks,मूलपाठ,পাঠ্য
after,después,après,بعد,μετά,nach,Dopo,depois,после,后,後,setelah,बाद,পরে
rating,clasificación,notation,تصنيف,εκτίμηση,Bewertung,valutazione,avaliação,рейтинг,等级,評価,peringkat,रेटिंग,রেটিং
rate,tasa,taux,معدل,τιμή,Rate,valutare,avaliar,ставка,速度,レート,kecepatan,दर,হার
government,gobierno,gouvernement,حكومة,κυβέρνηση,Regierung,governo,governo,правительство,政府,政府,pemerintah,सरकार,সরকার
children,niños,enfants,أطفال,παιδιά,Kinder,bambini,crianças,дети,孩子们,子供たち,anak-anak,बच्चे,শিশুদের
during,durante,pendant,خلال,κατά την διάρκεια,während,durante,durante,в течение,期间,その間,selama,दौरान,সময়
usa,EE.UU,USA,الولايات المتحدة الأمريكية,ΗΠΑ,USA,U.S.A,EUA,США,美国,アメリカ合衆国,Amerika Serikat,यूएसए,ইউএসএ
return,devolver,retour,يعود,απόδοση,zurückkehren,ritorno,retornar,возвращаться,返回,戻る,kembali,वापस करना,ফিরে
students,estudiantes,étudiants,طلاب,φοιτητόκοσμος,Studenten,studenti,estudantes,студенты,学生,学生,siswa,छात्र,ছাত্রদের
v,v,v,ضد,v,v,v,v,в,v,v,ay,वी,v
shopping,compras,achats,التسوق,ψώνια,Einkaufen,shopping,compras,шопинг,购物,買い物,belanja,खरीदारी,কেনাকাটা
account,cuenta,compte,حساب,λογαριασμός,Konto,account,conta,счет,帐户,アカウント,akun,खाता,অ্যাকাউন্ট
times,veces,fois,مرات,φορές,mal,volte,vezes,раз,次,回,kali,टाइम्स,বার
sites,sitios,Sites,المواقع,τοποθεσίες,Websites,siti,sites,сайты,站点,サイト,situs,साइटों,সাইট
level,nivel,niveau,مستوى,επίπεδο,Ebene,livello,nível,уровень,等级,レベル,tingkat,स्तर,স্তর
digital,digital,numérique,رقمي,ψηφιακό,digital,digitale,digital,цифровой,数字的,デジタル,digital,डिजिटल,ডিজিটাল
profile,perfil,profil,حساب تعريفي,προφίλ,Profil,profilo,perfil,профиль,轮廓,プロフィール,profil,प्रोफ़ाइल,প্রোফাইল
previous,anterior,précédent,سابق,προηγούμενος,vorherige,precedente,anterior,предыдущий,以前的,前の,sebelumnya,पहले का,পূর্ববর্তী
form,forma,formulaire,استمارة,μορφή,bilden,modulo,forma,форма,形式,形状,membentuk,रूप,ফর্ম
events,eventos,événements,الأحداث,εκδηλώσεις,Ereignisse,eventi,eventos,события,事件,イベント,acara,घटनाएँ,ঘটনা
love,amar,amour,حب,αγάπη,Liebe,Amore,amor,любовь,爱,愛,Cinta,प्यार,প্রেম
old,viejo,vieux,قديم,παλιός,alt,vecchio,velho,старый,老的,古い,tua,पुराना,পুরাতন
john,John,John,جون,Γιάννης,John,Giovanni,John,Джон,约翰,ジョン,Yohanes,जॉन,জন
main,principal,principal,رئيسي,κύριος,hauptsächlich,principale,principal,основной,主要的,主要,utama,मुख्य,প্রধান
call,llamar,appel,يتصل,κλήση,Anruf,chiamata,chamar,вызов,称呼,電話,panggilan,पुकारना,কল
hours,horas,heures,ساعات,ώρες,Std.,ore,horas,часы,小时,時間,jam,घंटे,ঘন্টা
image,imagen,image,صورة,εικών,Bild,immagine,imagem,изображение,图像,画像,gambar,छवि,ইমেজ
department,departamento,département,قسم,τμήμα,Abteilung,dipartimento,departamento,отделение,部门,部門,departemen,विभाग,বিভাগ
title,título,titre,عنوان,τίτλος,Titel,titolo,título,заголовок,标题,タイトル,judul,शीर्षक,শিরোনাম
description,descripción,description,وصف,περιγραφή,Beschreibung,descrizione,descrição,описание,描述,説明,keterangan,विवरण,বর্ণনা
non,no,non,غير,μη,nicht,non,não,нет,非,非,non,गैर,অ
k,k,k,ك,κ,k,k,k,к,k,k,k,के,k
y,y,oui,ذ,y,j,sì,sim,й,y,y,kamu,य,y
insurance,seguro,assurance,تأمين,ασφάλιση,Versicherung,assicurazione,seguro,страхование,保险,保険,asuransi,बीमा,বীমা
another,otro,un autre,آخر,άλλος,ein anderer,un altro,outro,другой,其他,別の,lain,एक और,অন্য
why,por qué,pourquoi,لماذا,Γιατί,Warum,Perché,por que,почему,为什么,なぜ,Mengapa,क्यों,কেন
shall,deber,devoir,سوف,θα,soll,deve,podemos,должен,将,するだろう,sebaiknya,करेगा,হবে
property,propiedad,propriété,ملكية,ιδιοκτησία,Eigentum,proprietà,propriedade,свойство,财产,財産,milik,संपत्ति,সম্পত্তি
class,clase,classe,فصل,τάξη,Klasse,classe,aula,сорт,班级,クラス,kelas,कक्षा,ক্লাস
cd,cd,CD,قرص مضغوط,CD,CD,CD,cd,компакт-диск,光盘,CD,CD,सीडी,সিডি
still,aún,toujours,ما زال,ακόμη,Trotzdem,Ancora,ainda,все еще,仍然,まだ,tetap,फिर भी,এখনও
money,dinero,argent,مال,χρήματα,Geld,soldi,dinheiro,деньги,钱,お金,uang,धन,টাকা
quality,calidad,qualité,جودة,ποιότητα,Qualität,qualità,qualidade,качество,质量,品質,kualitas,गुणवत्ता,গুণমান
every,cada,chaque,كل,κάθε,jeder,ogni,todo,каждый,每一个,毎,setiap,प्रत्येक,প্রতিটি
listing,listado,inscription,قائمة,καταχώριση,Auflistung,elenco,listagem,листинг,上市,リストアップ,daftar,प्रविष्टि,তালিকা
content,contenido,contenu,محتوى,περιεχόμενο,Inhalt,contenuto,contente,содержание,内容,コンテンツ,isi,सामग्री,বিষয়বস্তু
country,país,pays,دولة,χώρα,Land,Paese,país,страна,国家,国,negara,देश,দেশ
private,privado,privé,خاص,ιδιωτικός,Privat,privato,privado,частный,私人的,プライベート,pribadi,निजी,ব্যক্তিগত
little,pequeño,petit,قليل,λίγο,wenig,poco,pequeno,маленький,小的,少し,kecil,थोड़ा,সামান্য
visit,visita,visite,يزور,επίσκεψη,besuchen,visita,visita,посещать,访问,訪問,mengunjungi,मिलने जाना,পরিদর্শন
life,vida,vie,حياة,ζωή,Leben,vita,vida,жизнь,生活,人生,kehidupan,ज़िंदगी,জীবন
tools,herramientas,outils,أدوات,εργαλεία,Werkzeuge,utensili,ferramentas,инструменты,工具,ツール,peralatan,औजार,টুলস
low,bajo,faible,قليل,χαμηλός,niedrig,Basso,baixo,низкий,低的,低い,rendah,कम,কম
reply,responder,répondre,رد,απάντηση,Antwort,rispondere,responder,отвечать,回复,返事,membalas,जवाब,উত্তর
customer,cliente,client,عميل,πελάτης,Kunde,cliente,cliente,клиент,顾客,お客様,pelanggan,ग्राहक,গ্রাহক
december,diciembre,décembre,ديسمبر,Δεκέμβριος,Dezember,dicembre,dezembro,декабрь,十二月,12月,Desember,दिसंबर,ডিসেম্বর
compare,comparar,comparer,يقارن,συγκρίνω,vergleichen,confrontare,comparar,сравнивать,比较,比較する,membandingkan,तुलना करना,তুলনা
movies,cine,films,أفلام,κινηματογράφος,Filme,film,filmes,фильмы,电影,映画,film,फिल्में,চলচ্চিত্র
include,incluir,inclure,يشمل,συμπεριλαμβάνω,enthalten,includere,incluir,включать,包括,含む,termasuk,शामिल करना,অন্তর্ভুক্ত
college,colega,collège,كلية,κολλέγιο,Hochschule,college,faculdade,колледж,大学,カレッジ,kampus,कॉलेज,কলেজ
value,valor,valeur,قيمة,αξία,Wert,valore,valor,ценить,价值,価値,nilai,कीमत,মান
article,artículo,article,شرط,άρθρο,Artikel,articolo,artigo,статья,文章,記事,artikel,लेख,নিবন্ধ
york,york,York,نيويورك,υόρκη,York,York,Iorque,Йорк,约克,ヨーク,york,न्यूयार्क,ইয়র্ক
man,hombre,homme,رجل,άνθρωπος,Mann,Uomo,homem,мужчина,男人,男,pria,आदमी,মানুষ
card,tarjeta,carte,بطاقة,κάρτα,Karte,carta,cartão,карта,卡片,カード,kartu,कार्ड,কার্ড
jobs,empleos,emplois,وظائف,θέσεις εργασίας,Arbeitsplätze,posti di lavoro,empregos,рабочие места,职位,仕事,pekerjaan,नौकरियाँ,চাকরি
provide,proporcionar,fournir,يمد,προμηθεύω,bieten,fornire,fornecer,предоставлять,提供,提供する,menyediakan,उपलब्ध करवाना,প্রদান
j,j,j,ي,ι,J,J,j,дж,j,j,J,जे,j
food,alimento,nourriture,طعام,τροφή,Essen,cibo,comida,еда,食物,食べ物,makanan,खाना,খাদ্য
source,fuente,source,مصدر,πηγή,Quelle,fonte,fonte,источник,来源,ソース,sumber,स्रोत,উৎস
author,autor,auteur,مؤلف,συγγραφέας,Autor,autore,autor,автор,作者,著者,pengarang,लेखक,লেখক
different,diferente,différent,مختلف,διαφορετικός,anders,diverso,diferente,другой,不同的,違う,berbeda,अलग,ভিন্ন
press,prensa,presse,يضعط,τύπος,drücken,premere,imprensa,нажимать,按,プレス,tekan,प्रेस,প্রেস
u,tu,toi,ش,u,u,tu,você,ты,你,あなた,kamu,यू,u
learn,aprender,apprendre,يتعلم,μαθαίνω,lernen,Imparare,aprender,учиться,学习,学ぶ,mempelajari,सीखना,শিখতে
sale,venta,vente,أُوكَازيُون,πώληση,Verkauf,vendita,oferta,распродажа,销售,販売,penjualan,बिक्री,বিক্রয়
around,alrededor,autour,حول,γύρω,um,in giro,em volta,вокруг,大约,その周り,sekitar,आस-पास,চারপাশে
print,imprimir,imprimer,مطبعة,αποτύπωμα,drucken,stampa,imprimir,распечатать,打印,印刷する,mencetak,छपाई,মুদ্রণ
course,curso,cours,دورة,πορεία,Kurs,corso,curso,курс,课程,コース,kursus,अवधि,অবশ্যই
job,trabajo,emploi,وظيفة,δουλειά,Arbeit,lavoro,trabalho,работа,工作,仕事,pekerjaan,काम,চাকরি
canada,Canadá,Canada,كندا,Καναδάς,Kanada,Canada,Canadá,Канада,加拿大,カナダ,Kanada,कनाडा,কানাডা
process,proceso,processus,عملية,διαδικασία,Verfahren,processo,processo,процесс,过程,プロセス,proses,प्रक्रिया,প্রক্রিয়া
teen,adolescente,l'adolescence,في سن المراهقة,έφηβος,Teenager,adolescente,adolescente,подросток,青少年,ティーン,remaja,किशोर,কিশোর
room,habitación,chambre,غرفة,δωμάτιο,Zimmer,camera,sala,комната,房间,部屋,ruang,कमरा,রুম
stock,existencias,action,مخزون,στοκ,Aktie,azione,estoque,запас,库存,ストック,saham,भंडार,স্টক
training,capacitación,entraînement,تمرين,εκπαίδευση,Ausbildung,formazione,treinamento,обучение,训练,トレーニング,pelatihan,प्रशिक्षण,প্রশিক্ষণ
too,también,aussi,أيضاً,πολύ,zu,pure,também,слишком,也,あまりにも,juga,बहुत,খুব
credit,crédito,crédit,ائتمان,πίστωση,Kredit,credito,crédito,кредит,信用,クレジット,kredit,श्रेय,ক্রেডিট
point,punto,indiquer,نقطة,σημείο,Punkt,punto,apontar,точка,观点,ポイント,titik,बिंदु,বিন্দু
join,unirse,rejoindre,ينضم,ενώνω,verbinden,giuntura,juntar,присоединиться,加入,参加する,bergabung,जोड़ना,যোগদান
science,ciencia,science,علوم,επιστήμη,Wissenschaft,scienza,ciência,наука,科学,科学,sains,विज्ञान,বিজ্ঞান
men,hombres,hommes,الرجال,άνδρες,Männer,uomini,homens,мужчины,男人,男性,laki-laki,पुरुषों,পুরুষদের
categories,categorias,catégories,فئات,κατηγορίες,Kategorien,categorie,categorias,категории,类别,カテゴリ,kategori,श्रेणियाँ,বিভাগ
advanced,avanzado,avancé,متقدم,προχωρημένος,fortschrittlich,avanzato,avançado,передовой,先进的,高度な,canggih,विकसित,উন্নত
west,Oeste,Ouest,الغرب,Δύση,Westen,ovest,oeste,запад,西方,西,Barat,पश्चिम,পশ্চিম
sales,ventas,ventes,مبيعات,εμπορικός,Verkäufe,saldi,vendas,продажи,销售量,販売,penjualan,बिक्री,বিক্রয়
look,mirar,regarder,ينظر,ματιά,sehen,Aspetto,olhar,смотреть,看,見て,Lihat,देखना,তাকান
english,inglés,Anglais,إنجليزي,αγγλικός,Englisch,inglese,inglês,английский,英语,英語,bahasa inggris,अंग्रेज़ी,ইংরেজি
left,izquierda,gauche,غادر,αριστερά,links,Sinistra,esquerda,левый,左边,左,kiri,बाएं,বাম
team,equipo,équipe,فريق,ομάδα,Team,squadra,equipe,команда,团队,チーム,tim,टीम,দল
community,comunidad,communauté,مجتمع,κοινότητα,Gemeinschaft,comunità,comunidade,сообщество,社区,コミュニティ,masyarakat,समुदाय,সম্প্রদায়
box,caja,boîte,صندوق,κουτί,Kasten,scatola,caixa,коробка,盒子,箱,kotak,डिब्बा,বাক্স
conditions,condiciones,conditions,شروط,συνθήκες,Bedingungen,condizioni,condições,условия,状况,条件,kondisi,स्थितियाँ,শর্তাবলী
select,seleccionar,sélectionner,يختار,επιλέγω,wählen,selezionare,selecione,выбирать,选择,選択する,memilih,चुनना,নির্বাচন করুন
windows,ventanas,fenêtres,ويندوز,παράθυρα,Fenster,finestre,Windows,окна,视窗,窓,jendela,विंडोज़,জানালা
photos,fotos,des photos,صور,φωτογραφίες,Fotos,foto,fotos,фотографии,照片,写真,foto,तस्वीरें,ফটো
gay,homosexuales,gay,مثلي الجنس,ομοφυλόφιλος,schwul,gay,homossexual,гей,同性恋,ゲイ,homo,समलैंगिक,সমকামী
thread,hilo,fil,خيط,νήμα,Faden,filo,fio,нить,线,糸,benang,धागा,থ্রেড
week,semana,semaine,أسبوع,εβδομάδα,Woche,settimana,semana,неделя,星期,週,pekan,सप्ताह,সপ্তাহ
category,categoría,catégorie,فئة,κατηγορία,Kategorie,categoria,categoria,категория,类别,カテゴリ,kategori,वर्ग,বিভাগ
note,nota,note,ملحوظة,σημείωμα,Notiz,nota,observação,примечание,笔记,注記,catatan,टिप्पणी,নোট
live,vivir,en direct,يعيش,ζω,live,vivere,ao vivo,жить,居住,ライブ,hidup,रहना,বাস
large,grande,grand,كبير,μεγάλο,groß,grande,grande,большой,大的,大きい,besar,बड़ा,বড়
gallery,galería,galerie,معرض,στοά,Galerie,galleria,galeria,галерея,画廊,ギャラリー,galeri,गैलरी,গ্যালারি
table,mesa,tableau,طاولة,τραπέζι,Tisch,tavolo,mesa,стол,桌子,テーブル,meja,मेज़,টেবিল
register,registro,registre,يسجل,μητρώο,registrieren,registro,registrar,зарегистрироваться,登记,登録する,daftar,पंजीकरण करवाना,নিবন্ধন
however,sin embargo,cependant,لكن,ωστόσο,Jedoch,Tuttavia,no entanto,однако,然而,しかし,Namun,तथापि,যাইহোক
june,junio,juin,يونيو,Ιούνιος,Juni,giugno,junho,июнь,六月,6月,Juni,जून,জুন
october,octubre,octobre,أكتوبر,Οκτώβριος,Oktober,ottobre,outubro,октябрь,十月,10月,Oktober,अक्टूबर,অক্টোবর
november,noviembre,novembre,نوفمبر,Νοέμβριος,November,novembre,novembro,ноябрь,十一月,11月,November,नवंबर,নভেম্বর
market,mercado,marché,سوق,αγορά,Markt,mercato,mercado,рынок,市场,市場,pasar,बाज़ार,বাজার
library,biblioteca,bibliothèque,مكتبة,βιβλιοθήκη,Bibliothek,biblioteca,biblioteca,библиотека,图书馆,図書館,perpustakaan,पुस्तकालय,লাইব্রেরি
really,en realidad,vraiment,حقًا,πραγματικά,Wirklich,Veramente,realmente,Действительно,真的,本当に,Sungguh,वास्तव में,সত্যিই
action,acción,action,فعل,δράση,Aktion,azione,Ação,действие,行动,アクション,tindakan,कार्रवाई,কর্ম
start,comenzar,commencer,يبدأ,αρχή,Start,inizio,começar,начинать,开始,始める,awal,शुरू,শুরু
series,serie,série,مسلسل,σειρά,Serie,serie,série,ряд,系列,シリーズ,seri,शृंखला,সিরিজ
model,modelo,modèle,نموذج,μοντέλο,Modell,modello,modelo,модель,模型,モデル,model,नमूना,মডেল
features,características,caractéristiques,سمات,χαρακτηριστικά,Merkmale,caratteristiche,características,функции,特征,特徴,fitur,विशेषताएँ,বৈশিষ্ট্য
air,aire,air,هواء,αέρας,Luft,aria,ar,воздух,空气,空気,udara,वायु,বায়ু
industry,industria,industrie,صناعة,βιομηχανία,Industrie,industria,indústria,промышленность,行业,業界,industri,उद्योग,শিল্প
plan,plan,plan,يخطط,σχέδιο,planen,piano,plano,план,计划,プラン,rencana,योजना,পরিকল্পনা
human,humano,humain,بشر,ανθρώπινος,menschlich,umano,humano,человек,人类,人間,manusia,इंसान,মানব
provided,proporcionó,fourni,متاح,παρέχεται,bereitgestellt,fornito,oferecido,предоставил,假如,提供された,asalkan,प्रदान किया,প্রদান করা হয়
tv,televisor,TV,تلفزيون,τηλεόραση,Fernseher,TV,TV,телевизор,电视,テレビ,televisi,टीवी,টিভি
yes,Sí,Oui,نعم,Ναί,Ja,SÌ,sim,да,是的,はい,Ya,हाँ,হ্যাঁ
required,requerido,requis,مطلوب,υποχρεούμαι,erforderlich,necessario,obrigatório,необходимый,必需的,必須,diperlukan,आवश्यक,প্রয়োজনীয়
second,segundo,deuxième,ثانية,δεύτερος,zweite,secondo,segundo,второй,第二,2番,Kedua,दूसरा,দ্বিতীয়
hot,caliente,chaud,حار,καυτό,heiß,caldo,quente,горячий,热的,熱い,panas,गर्म,গরম
accessories,accesorios,accessoires,مُكَمِّلات,αξεσουάρ,Zubehör,accessori,acessórios,аксессуары,配件,アクセサリー,aksesoris,सामान,আনুষাঙ্গিক
cost,costo,coût,يكلف,κόστος,kosten,costo,custo,расходы,成本,料金,biaya,लागत,খরচ
movie,película,film,فيلم,ταινία,Film,film,filme,фильм,电影,映画,film,चलचित्र,চলচ্চিত্র
forums,foros,forums,المنتديات,φόρουμ,Foren,forum,fóruns,форумы,论坛,フォーラム,forum,मंचों,ফোরাম
march,marzo,mars,يمشي,πορεία,Marsch,marzo,marchar,маршировать,行进,行進,berbaris,मार्च,মার্চ
la,la,la,لا,λα,la,la,la,ла,拉,ラ,la,ला,la
september,septiembre,septembre,سبتمبر,Σεπτέμβριος,September,settembre,setembro,сентябрь,九月,9月,September,सितम्बर,সেপ্টেম্বর
better,mejor,mieux,أحسن,καλύτερα,besser,Meglio,melhorar,лучше,更好的,より良い,lebih baik,बेहतर,ভাল
say,decir,dire,يقول,λέγω,sagen,Dire,dizer,сказать,说,言う,mengatakan,कहना,বল
questions,preguntas,des questions,أسئلة,ερωτήσεις,Fragen,domande,questões,вопросы,问题,質問,pertanyaan,प्रश्न,প্রশ্ন
july,julio,juillet,يوليو,Ιούλιος,Juli,luglio,julho,июль,七月,7月,Juli,जुलाई,জুলাই
yahoo,yahoo,Yahoo,ياهو,yahoo,Yahoo,yahoo,Google,Yahoo,雅虎,ヤフー,yahoo,याहू,ইয়াহু
both,ambos,les deux,كلاهما,και οι δύο,beide,Entrambi,ambos,оба,两个都,両方,keduanya,दोनों,উভয়
medical,médico,médical,طبي,ιατρικός,medizinisch,medico,médico,медицинский,医疗的,医学,medis,चिकित्सा,চিকিৎসা
test,prueba,test,امتحان,δοκιμή,prüfen,test,teste,тест,测试,テスト,tes,परीक्षा,পরীক্ষা
friend,amigo,ami,صديق,φίλος,Freund,amico,amigo,друг,朋友,友人,teman,दोस्त,বন্ধু
come,venir,viens,يأتي,Έλα,kommen,Venire,vir,приходить,来,来る,datang,आना,আসা
dec,dic,déc,ديسمبر,Δεκ,Dez,dicembre,dezembro,декабрь,十二月,12月,desember,दिसम्बर,ডিসেম্বর
server,servidor,serveur,الخادم,υπηρέτης,Server,server,servidor,сервер,服务器,サーバ,server,सर्वर,সার্ভার
pc,ordenador personal,ordinateur,جهاز كمبيوتر,pc,Stk,pc,computador,ПК,个人电脑,パソコン,buah,पीसी,পিসি
study,estudiar,étude,يذاكر,μελέτη,Studie,studio,estudar,изучать,学习,勉強,belajar,अध्ययन,অধ্যয়ন
application,solicitud,application,طلب,εφαρμογή,Anwendung,applicazione,aplicativo,приложение,应用,応用,aplikasi,आवेदन,আবেদন
cart,carro,panier,عربة,καροτσάκι,Warenkorb,carrello,carrinho,тележка,大车,カート,keranjang,कार्ट,কার্ট
staff,personal,personnel,طاقم عمل,προσωπικό,Personal,personale,funcionários,персонал,职员,スタッフ,staf,कर्मचारी,কর্মী
articles,artículos,articles,مقالات,άρθρα,Artikel,articoli,artigos,статьи,文章,記事,artikel,सामग्री,প্রবন্ধ
san,san,San,سان,san,san,san,São,Сан,桑,さん,san,सैन,সান
feedback,comentario,retour,تعليق,ανατροφοδότηση,Rückmeldung,feedback,opinião,обратная связь,反馈,フィードバック,masukan,प्रतिक्रिया,প্রতিক্রিয়া
again,de nuevo,encore,مرة أخرى,πάλι,wieder,Ancora,de novo,снова,再次,また,lagi,दोबारा,আবার
play,jugar,jouer,يلعب,παιχνίδι,spielen,giocare,jogar,играть,玩,遊ぶ,bermain,खेल,খেলা
looking,mirando,regarder,أبحث,κοιτάζοντας,suchen,guardare,olhando,смотрящий,寻找,探している,melihat,देखना,খুঁজছেন
issues,asuntos,problèmes,مشاكل,ζητήματα,Probleme,problemi,problemas,проблемы,问题,問題,masalah,समस्याएँ,সমস্যা
april,abril,avril,أبريل,Απρίλιος,April,aprile,abril,апрель,四月,4月,April,अप्रैल,এপ্রিল
never,nunca,jamais,أبداً,ποτέ,niemals,Mai,nunca,никогда,绝不,一度もない,tidak pernah,कभी नहीं,কখনই
users,usuarios,utilisateurs,المستخدمين,χρήστες,Benutzer,utenti,Usuários,пользователи,用户,ユーザー,pengguna,उपयोगकर्ताओं,ব্যবহারকারীদের
complete,completo,complet,مكتمل,πλήρης,vollständig,completare,completo,полный,完全的,完了,menyelesaikan,पूरा,সম্পূর্ণ
street,calle,rue,شارع,δρόμος,Straße,strada,rua,улица,街道,通り,jalan,गली,রাস্তা
topic,tema,sujet,عنوان,θέμα,Thema,argomento,tópico,тема,话题,トピック,topik,विषय,বিষয়
comment,comentario,commentaire,تعليق,σχόλιο,Kommentar,commento,comentário,комментарий,评论,コメント,komentar,टिप्पणी,মন্তব্য
financial,financiero,financier,مالي,οικονομικός,finanziell,finanziario,financeiro,финансовый,金融的,金融,finansial,वित्तीय,আর্থিক
things,cosas,des choses,أشياء,πράγματα,Dinge,cose,coisas,вещи,事物,もの,hal-hal,चीज़ें,জিনিস
working,laboral,fonctionnement,عمل,εργαζόμενος,Arbeiten,lavorando,trabalhando,работающий,在职的,働く,bekerja,कार्यरत,কাজ
against,contra,contre,ضد,κατά,gegen,contro,contra,против,反对,に対して,melawan,ख़िलाफ़,বিরুদ্ধে
standard,estándar,standard,معيار,πρότυπο,Standard,standard,padrão,стандартный,标准,標準,standar,मानक,মান
tax,impuesto,impôt,ضريبة,φόρος,Steuer,tassare,imposto,налог,税,税,pajak,कर,ট্যাক্স
person,persona,personne,شخص,πρόσωπο,Person,persona,pessoa,человек,人,人,orang,व्यक्ति,ব্যক্তি
below,abajo,ci-dessous,أقل,παρακάτω,unten,sotto,abaixo,ниже,以下,下に,di bawah,नीचे,নীচে
mobile,móvil,mobile,متحرك,κινητός,Mobile,mobile,móvel,мобильный,移动的,携帯,seluler,गतिमान,মোবাইল
less,menos,moins,أقل,μείον,weniger,meno,menos,меньше,较少的,少ない,lebih sedikit,कम,কম
got,consiguió,a obtenu,يملك,πήρε,bekommen,avuto,pegou,получил,得到,得た,telah mendapatkan,प्राप्त,পেয়েছি
blog,blog,bloguer,مدونة,blog,Blog,blog,blog,блог,博客,ブログ,blog,ब्लॉग,ব্লগ
party,fiesta,faire la fête,حزب,κόμμα,Party,festa,festa,вечеринка,派对,パーティー,berpesta,दल,পার্টি
payment,pago,paiement,قسط,πληρωμή,Zahlung,pagamento,pagamento,оплата,支付,支払い,pembayaran,भुगतान,পেমেন্ট
equipment,equipo,équipement,معدات,εξοπλισμός,Ausrüstung,attrezzatura,equipamento,оборудование,设备,装置,peralatan,उपकरण,সরঞ্জাম
login,acceso,se connecter,تسجيل الدخول,σύνδεση,Login,login,Conecte-se,авторизоваться,登录,ログイン,login,लॉग इन करें,লগইন
student,alumno,étudiant,طالب,φοιτητής,Student,studente,estudante,студент,学生,学生,murid,विद्यार्थी,ছাত্র
let,dejar,laisser,يترك,αφήνω,lassen,permettere,deixar,позволять,让,させて,membiarkan,होने देना,যাক
programs,programas,programmes,البرامج,προγράμματα,Programme,programmi,programas,программы,节目,プログラム,program,कार्यक्रमों,প্রোগ্রাম
offers,ofertas,offres,العروض,προσφορές,Angebote,offerte,ofertas,предложения,优惠,オファー,penawaran,ऑफर,অফার
legal,legal,légal,قانوني,νομικός,legal,legale,jurídico,юридический,合法的,法律上の,legal,कानूनी,আইনি
above,arriba,au-dessus de,فوق,πάνω από,über,Sopra,acima,выше,多于,その上,di atas,ऊपर,উপরে
recent,reciente,récent,مؤخرًا,πρόσφατος,jüngste,recente,recente,недавний,最近的,最近の,terkini,हाल ही का,সাম্প্রতিক
park,parque,parc,حديقة,πάρκο,Park,parco,parque,парк,公园,公園,taman,पार्क,পার্ক
small,pequeño,petit,صغير,μικρό,klein,piccolo,pequeno,маленький,小的,小さい,kecil,छोटा,ছোট
side,lado,côté,جانب,πλευρά,Seite,lato,lado,сторона,边,側,samping,ओर,পক্ষ
act,acto,acte,يمثل,πράξη,Akt,atto,agir,действовать,行为,活動,bertindak,कार्य,কাজ
problem,problema,problème,مشكلة,πρόβλημα,Problem,problema,problema,проблема,问题,問題,masalah,संकट,সমস্যা
red,rojo,rouge,أحمر,κόκκινος,Rot,rosso,vermelho,красный,红色的,赤,merah,लाल,লাল
give,dar,donner,يعطي,δίνω,geben,Dare,dar,давать,给,与える,memberi,देना,দিতে
memory,memoria,mémoire,ذاكرة,μνήμη,Erinnerung,memoria,memória,память,记忆,メモリ,ingatan,याद,স্মৃতি
performance,actuación,performance,أداء,εκτέλεση,Leistung,prestazione,desempenho,производительность,表现,パフォーマンス,pertunjukan,प्रदर्शन,কর্মক্ষমতা
social,social,sociale,اجتماعي,κοινωνικός,sozial,sociale,social,социальный,社会的,社交,sosial,सामाजिक,সামাজিক
q,q,q,س,q,Q,Q,q,д,q,q,Q,क्यू,q
august,agosto,août,أغسطس,Αύγουστος,August,agosto,agosto,август,八月,8月,Agustus,अगस्त,আগস্ট
quote,cita,citation,يقتبس,παραθέτω,Zitat,citazione,citar,цитировать,引用,引用,mengutip,उद्धरण,উদ্ধৃতি
language,idioma,langue,لغة,γλώσσα,Sprache,lingua,linguagem,язык,语言,言語,bahasa,भाषा,ভাষা
story,historia,histoire,قصة,ιστορία,Geschichte,storia,história,история,故事,話,cerita,कहानी,গল্প
sell,vender,vendre,يبيع,πωλώ,verkaufen,vendere,vender,продавать,卖,売る,menjual,बेचना,বিক্রি
options,opciones,choix,خيارات,επιλογές,Optionen,opzioni,opções,параметры,选项,オプション,pilihan,विकल्प,বিকল্প
experience,experiencia,expérience,خبرة,εμπειρία,Erfahrung,esperienza,experiência,опыт,经验,経験,pengalaman,अनुभव,অভিজ্ঞতা
rates,tarifas,tarifs,معدلات,ποσοστά,Tarife,tariffe,taxas,ставки,费率,料金,tarif,दरें,হার
create,crear,créer,يخلق,δημιουργώ,erstellen,creare,criar,создавать,创造,作成する,membuat,बनाएं,তৈরি
key,llave,clé,مفتاح,κλειδί,Schlüssel,chiave,chave,ключ,钥匙,鍵,kunci,चाबी,চাবি
body,cuerpo,corps,جسم,σώμα,Körper,corpo,corpo,тело,身体,体,tubuh,शरीर,শরীর
young,joven,jeune,شاب,νέος,jung,giovane,jovem,молодой,年轻的,若い,muda,युवा,তরুণ
america,América,Amérique,أمريكا,Αμερική,Amerika,America,América,Америка,美国,アメリカ,Amerika,अमेरिका,আমেরিকা
important,importante,important,مهم,σπουδαίος,wichtig,importante,importante,важный,重要的,重要,penting,महत्वपूर्ण,গুরুত্বপূর্ণ
field,campo,champ,مجال,πεδίο,Feld,campo,campo,поле,场地,分野,bidang,मैदान,ক্ষেত্র
few,pocos,peu,عدد قليل,λίγοι,wenige,pochi,alguns,немного,很少,少し,sedikit,कुछ,কিছু
east,este,est,شرق,Ανατολή,Ost,est,leste,восток,东方,東,timur,पूर्व,পূর্ব
paper,papel,papier,ورق,χαρτί,Papier,carta,papel,бумага,纸,紙,kertas,कागज़,কাগজ
single,soltero,célibataire,أعزب,μονόκλινο,einzel,separare,solteiro,одинокий,单身的,シングル,lajang,अकेला,একক
ii,ii,ii,ثانيا,ii,ii,ii,eu,ii,二、,ii,ii,द्वितीय,ii
age,edad,âge,عمر,ηλικία,Alter,età,idade,возраст,年龄,年,usia,आयु,বয়স
activities,actividades,activités,أنشطة,δραστηριότητες,Aktivitäten,attività,atividades,деятельность,活动,活動,kegiatan,गतिविधियाँ,কার্যক্রম
club,club,club,club,λέσχη,Verein,club,clube,клуб,俱乐部,クラブ,klub,क्लब,ক্লাব
example,ejemplo,exemple,مثال,παράδειγμα,Beispiel,esempio,exemplo,пример,例子,例,contoh,उदाहरण,উদাহরণ
girls,chicas,filles,فتيات,κορίτσια,Mädchen,ragazze,garotas,девушки,女孩们,女の子,cewek-cewek,लड़कियाँ,মেয়েরা
additional,adicional,supplémentaire,إضافي,επιπλέον,zusätzlich,aggiuntivo,adicional,дополнительный,额外的,追加,tambahan,अतिरिक्त,অতিরিক্ত
password,contraseña,mot de passe,كلمة المرور,σύνθημα,Passwort,password,senha,пароль,密码,パスワード,kata sandi,पासवर्ड,পাসওয়ার্ড
z,z,z,ض,z,z,z,z,я,z,z,z,जेड,z
latest,el último,dernier,أحدث,αργότερο,letzte,ultimo,mais recente,последний,最新的,最新,terbaru,नवीनतम,সর্বশেষ
something,algo,quelque chose,شئ ما,κάτι,etwas,qualcosa,algo,что-нибудь,某物,何か,sesuatu,कुछ,কিছু
road,camino,route,طريق,δρόμος,Straße,strada,estrada,дорога,路,道,jalan,सड़क,রাস্তা
gift,regalo,cadeau,هدية,δώρο,Geschenk,regalo,presente,подарок,礼物,贈り物,hadiah,उपहार,উপহার
question,pregunta,question,سؤال,ερώτηση,Frage,domanda,pergunta,вопрос,问题,質問,pertanyaan,सवाल,প্রশ্ন
changes,cambios,changements,التغييرات,αλλαγές,Änderungen,cambiamenti,mudanças,изменения,变化,変化,perubahan,परिवर्तन,পরিবর্তন
night,noche,nuit,ليلة,νύχτα,Nacht,notte,noite,ночь,夜晚,夜,malam,रात,রাত
ca,California,Californie,كاليفورنيا,περ,ca,ca,ca,Калифорния,加州,およそ,ca,सीए,ca
hard,duro,dur,صعب,σκληρά,hart,difficile,duro,жесткий,难的,難しい,keras,मुश्किल,কঠিন
texas,Texas,Texas,تكساس,Τέξας,Texas,Texas,texas,Техас,德克萨斯州,テキサス,texas,टेक्सास,টেক্সাস
oct,oct,octobre,أكتوبر,Οκτ,Okt,ott,outubro,октябрь,十月,10月,Oktober,अक्टूबर,অক্টো
pay,pagar,payer,يدفع,πληρωμή,zahlen,paga,pagar,платить,支付,支払う,membayar,वेतन,বেতন
save,ahorrar,sauvegarder,يحفظ,εκτός,speichern,salva,salvar,сохранять,节省,保存,menyimpan,बचाना,সংরক্ষণ
poker,póker,poker,لعبة البوكر,πόκερ,Poker,poker,pôquer,покер,扑克,ポーカー,poker,पोकर,জুজু
status,estado,statut,حالة,κατάσταση,Status,stato,status,статус,地位,状態,status,स्थिति,অবস্থা
browse,navegar,parcourir,تصفح,ξεφυλλίζω,durchsuchen,sfogliare,navegar,просматривать,浏览,ブラウズ,jelajahi,ब्राउज़,ব্রাউজ
issue,asunto,problème,مشكلة,ζήτημα,Ausgabe,problema,emitir,проблема,问题,問題,masalah,मुद्दा,সমস্যা
range,rango,gamme,يتراوح,σειρά,Reichweite,allineare,faixa,диапазон,范围,範囲,jangkauan,श्रेणी,পরিসীমা
building,edificio,bâtiment,مبنى,κτίριο,Gebäude,edificio,prédio,здание,建筑,建物,bangunan,इमारत,ভবন
seller,vendedor,vendeur,بائع,πωλητής,Verkäufer,venditore,vendedor,продавец,卖方,売り手,penjual,विक्रेता,বিক্রেতা
court,corte,tribunal,محكمة,δικαστήριο,Gericht,Tribunale,tribunal,суд,法庭,裁判所,pengadilan,अदालत,আদালত
february,febrero,février,فبراير,Φεβρουάριος,Februar,febbraio,fevereiro,февраль,二月,2月,Februari,फ़रवरी,ফেব্রুয়ারী
always,siempre,toujours,دائماً,πάντοτε,stets,Sempre,sempre,всегда,总是,いつも,selalu,हमेशा,সবসময়
result,resultado,résultat,نتيجة,αποτέλεσμα,Ergebnis,risultato,resultado,результат,结果,結果,hasil,परिणाम,ফলাফল
audio,audio,audio,صوتي,ήχου,Audio-,audio,áudio,аудио,声音的,オーディオ,audio,ऑडियो,অডিও
light,luz,lumière,ضوء,φως,Licht,leggero,luz,свет,光,ライト,lampu,रोशनी,আলো
write,escribir,écrire,يكتب,γράφω,schreiben,scrivere,escrever,писать,写,書く,menulis,लिखना,লিখুন
war,guerra,guerre,حرب,πόλεμος,Krieg,guerra,guerra,война,战争,戦争,perang,युद्ध,যুদ্ধ
nov,nov,nov,نوفمبر,Νοέμβριος,Nov,nov,novembro,ноябрь,十一月,11月,November,नवंबर,নভেম্বর
offer,oferta,offre,يعرض,προσφορά,Angebot,offerta,oferecer,предложение,提供,オファー,menawarkan,प्रस्ताव,অফার
blue,azul,bleu,أزرق,μπλε,Blau,blu,azul,синий,蓝色的,青,biru,नीला,নীল
groups,grupos,groupes,المجموعات,ομάδες,Gruppen,gruppi,grupos,группы,团体,グループ,kelompok,समूह,গ্রুপ
al,Alabama,al,آل,al,al,al,tudo,аль,阿尔,アル,al,अल,আল
easy,fácil,facile,سهل,εύκολος,einfach,facile,fácil,легкий,简单的,簡単,mudah,आसान,সহজ
given,dado,donné,منح,δεδομένος,gegeben,dato,dado,данный,给定,与えられた,diberikan,दिया गया,দেওয়া
files,archivos,fichiers,ملفات,αρχεία,Dateien,file,arquivos,файлы,文件,ファイル,file,फ़ाइलें,ফাইল
event,evento,événement,حدث,συμβάν,Ereignis,evento,evento,событие,事件,イベント,peristiwa,आयोजन,ঘটনা
release,liberar,libérer,يطلق,ελευθέρωση,freigeben,pubblicazione,liberar,выпускать,发布,リリース,melepaskan,मुक्त करना,মুক্তি
analysis,análisis,analyse,تحليل,ανάλυση,Analyse,analisi,análise,анализ,分析,分析,analisa,विश्लेषण,বিশ্লেষণ
request,pedido,demande,طلب,αίτηση,Anfrage,richiesta,solicitar,запрос,要求,リクエスト,meminta,अनुरोध,অনুরোধ
fax,fax,fax,فاكس,φαξ,Fax,fax,fax,факс,传真,ファックス,fax,फैक्स,ফ্যাক্স
china,porcelana,Chine,الصين,Κίνα,China,Cina,China,Китай,中国,中国,Cina,चीन,চীন
making,haciendo,fabrication,تحضير,κατασκευή,Herstellung,fabbricazione,fazendo,изготовление,制作,作る,membuat,निर्माण,তৈরী
picture,imagen,image,صورة,εικόνα,Bild,immagine,foto,картина,图片,写真,gambar,चित्र,ছবি
needs,necesidades,besoins,الاحتياجات,αναγκαία,Bedürfnisse,esigenze,precisa,потребности,需要,ニーズ,kebutuhan,आवश्यकताओं,প্রয়োজন
possible,posible,possible,ممكن,δυνατός,möglich,possibile,possível,возможный,可能的,可能,mungkin,संभव,সম্ভব
might,podría,pourrait,قد,δύναμη,könnte,Potrebbe,poder,мощь,可能,かもしれない,mungkin,हो सकता है,পারে
professional,profesional,professionnel,احترافي,επαγγελματίας,Professional,professionale,profissional,профессиональный,专业的,プロ,profesional,पेशेवर,পেশাদার
yet,todavía,encore,حتى الآن,ακόμη,noch,Ancora,ainda,еще,然而,まだ,belum,अभी तक,এখনো
month,mes,mois,شهر,μήνας,Monat,mese,mês,месяц,月,月,bulan,महीना,মাস
major,importante,majeur,رئيسي,μείζων,wesentlich,maggiore,principal,главный,主要的,選考科目,besar,प्रमुख,প্রধান
star,estrella,étoile,نجم,αστέρι,Stern,stella,estrela,звезда,星星,星,bintang,तारा,তারকা
areas,áreas,domaines,المناطق,περιοχές,Bereiche,aree,áreas,области,地区,地域,daerah,क्षेत्रों,এলাকা
future,futuro,avenir,مستقبل,μελλοντικός,Zukunft,futuro,futuro,будущее,未来,未来,masa depan,भविष्य,ভবিষ্যৎ
space,espacio,espace,فضاء,χώρος,Raum,spazio,espaço,космос,空间,空間,ruang angkasa,अंतरिक्ष,স্থান
committee,comité,comité,لجنة,επιτροπή,Ausschuss,comitato,comitê,комитет,委员会,委員会,komite,समिति,কমিটি
hand,mano,main,يُسلِّم,χέρι,Hand,mano,mão,рука,手,手,tangan,हाथ,হাত
sun,sol,soleil,شمس,ήλιος,Sonne,sole,sol,солнце,太阳,太陽,matahari,सूरज,সূর্য
cards,tarjetas,cartes,بطاقات,καρτέλλες,Karten,carte,cartões,карты,牌,カード,kartu,कार्ड,কার্ড
problems,problemas,problèmes,مشاكل,προβλήματα,Probleme,problemi,problemas,проблемы,问题,問題,masalah,समस्याएँ,সমস্যা
london,Londres,Londres,لندن,Λονδίνο,London,Londra,Londres,Лондон,伦敦,ロンドン,London,लंदन,লন্ডন
washington,Washington,Washington,واشنطن,Βάσιγκτων,Washington,Washington,Washington,Вашингтон,华盛顿,ワシントン,Washington,वाशिंगटन,ওয়াশিংটন
estate,bienes,domaine,العقارات,περιουσία,Anwesen,proprietà,propriedade,имущество,财产,エステート,perkebunan,जागीर,এস্টেট
rss,rss,rss,آر إس إس,rss,RSS,RSS,rsrs,RSS,RSS,RSS,rss,आरएसएस,আরএসএস
become,convertirse,devenir,يصبح,γίνομαι,werden,diventare,tornar-se,становиться,变得,なる,menjadi,बनना,হয়ে
interest,interés,intérêt,اهتمام,τόκος,Interesse,interesse,interesse,интерес,兴趣,興味,minat,दिलचस्पी,সুদ
id,identificación,identifiant,بطاقة تعريف,ταυτότητα,Ausweis,id,eu ia,идентификатор,ID,ID,pengenal,पहचान,আইডি
child,niño,enfant,طفل,παιδί,Kind,bambino,criança,ребенок,孩子,子供,anak,बच्चा,শিশু
keep,mantener,garder,يحفظ,διατήρηση,halten,Mantenere,manter,держать,保持,保つ,menyimpan,रखना,রাখা
enter,ingresar,entrer,يدخل,εισάγω,eingeben,entrare,digitar,входить,进入,入力,memasuki,प्रवेश करना,প্রবেশ করা
california,California,Californie,كاليفورنيا,Καλιφόρνια,Kalifornien,California,Califórnia,Калифорния,加利福尼亚州,カリフォルニア,California,कैलिफोर्निया,ক্যালিফোর্নিয়া
porn,pornografía,porno,إباحية,πορνογραφία,Porno,porno,pornô,порно,A片,ポルノ,porno,अश्लील,পর্ণ
share,compartir,partager,يشارك,μερίδιο,Aktie,condividere,compartilhar,делиться,分享,共有,membagikan,शेयर करना,ভাগ
similar,similar,similaire,مشابه,παρόμοιος,ähnlich,simile,semelhante,похожий,相似的,似ている,serupa,समान,অনুরূপ
garden,jardín,jardin,حديقة,κήπος,Garten,giardino,jardim,сад,花园,庭,kebun,बगीचा,বাগান
schools,escuelas,écoles,المدارس,σχολεία,Schulen,scuole,escolas,школы,学校,学校,sekolah,स्कूलों,স্কুল
million,millón,million,مليون,εκατομμύριο,Million,milioni,milhão,миллион,百万,百万,juta,दस लाख,মিলিয়ন
added,agregado,ajouté,وأضاف,προστέθηκε,hinzugefügt,aggiunto,adicionado,добавлен,额外,追加した,ditambahkan,जोड़ा,যোগ করা হয়েছে
reference,referencia,référence,مرجع,αναφορά,Referenz,riferimento,referência,ссылка,参考,参照,referensi,संदर्भ,রেফারেন্স
companies,empresas,entreprises,شركات,εταιρείες,Unternehmen,aziende,empresas,компании,公司,企業,perusahaan,कंपनियों,কোম্পানি
listed,listado,répertorié,المدرجة,παρατίθενται,aufgeführt,elencato,listado,внесен в список,列出,リスト化された,terdaftar,सूचीबद्ध,তালিকাভুক্ত
baby,bebé,bébé,طفل,μωρό,Baby,Bambino,bebê,малыш,婴儿,赤ちゃん,Sayang,बच्चा,শিশু
learning,aprendiendo,apprentissage,تعلُّم,μάθηση,Lernen,apprendimento,aprendizado,обучение,学习,学ぶ,sedang belajar,सीखना,শেখার
energy,energía,énergie,طاقة,ενέργεια,Energie,energia,energia,энергия,活力,エネルギー,energi,ऊर्जा,শক্তি
run,correr,courir,يجري,τρέξιμο,laufen,correre,correr,бегать,跑步,走る,berlari,दौड़ना,চালানো
delivery,entrega,livraison,توصيل,διανομή,Lieferung,consegna,entrega,доставка,送货,配達,pengiriman,वितरण,বিতরণ
net,neto,filet,شبكة,καθαρά,netto,netto,líquido,сеть,网,ネット,bersih,जाल,নেট
popular,popular,populaire,شائع,δημοφιλής,beliebt,popolare,popular,популярный,受欢迎的,人気のある,populer,लोकप्रिय,জনপ্রিয়
term,término,terme,شرط,όρος,Begriff,termine,prazo,срок,学期,学期,ketentuan,अवधि,মেয়াদ
film,película,film,فيلم,ταινία,Film,film,filme,фильм,电影,膜,film,पतली परत,চলচ্চিত্র
stories,historias,histoires,قصص,ιστορίες,Geschichten,storie,histórias,истории,故事,物語,cerita,कहानियां,গল্প
put,poner,mettre,يضع,βάζω,setzen,Mettere,colocar,помещать,放,置く,meletakkan,रखना,রাখা
computers,computadoras,ordinateurs,أجهزة الكمبيوتر,υπολογιστές,Computer,computer,computadores,компьютеры,电脑,コンピュータ,komputer,कंप्यूटर,কম্পিউটার
journal,diario,journal,مجلة,εφημερίδα,Zeitschrift,diario,jornal,журнал,杂志,ジャーナル,jurnal,पत्रिका,জার্নাল
reports,informes,rapports,التقارير,εκθέσεις,Berichte,rapporti,relatórios,отчеты,报告,レポート,laporan,रिपोर्टों,রিপোর্ট
co,co,co,شركة,συν,co,co,co,со,共,コ,bersama,सह,সহ
try,intentar,essayer,يحاول,δοκιμή,versuchen,Tentativo,tentar,пытаться,尝试,試す,mencoba,कोशिश,চেষ্টা করুন
welcome,bienvenido,accueillir,مرحباً,καλωσόρισμα,Willkommen,Benvenuto,Bem-vindo,добро пожаловать,欢迎,いらっしゃいませ,selamat datang,स्वागत,স্বাগত
central,central,central,مركزي,κεντρικός,zentral,centrale,central,центральный,中央,中央,pusat,केंद्रीय,কেন্দ্রীয়
images,imágenes,photos,الصور,εικόνες,Bilder,immagini,imagens,изображения,图片,画像,gambar,इमेजिस,ছবি
president,presidente,président,رئيس,πρόεδρος,Präsident,presidente,presidente,президент,总统,社長,presiden,अध्यक्ष,রাষ্ট্রপতি
notice,aviso,avis,يلاحظ,ανακοίνωση,beachten,avviso,perceber,уведомление,注意,知らせ,melihat,सूचना,নোটিশ
god,dios,Dieu,إله,θεός,Gott,Dio,Deus,бог,上帝,神,Tuhan,ईश्वर,ঈশ্বর
original,original,original,إبداعي,πρωτότυπο,Original,originale,original,оригинальный,原来的,オリジナル,asli,मूल,মূল
head,cabeza,tête,رأس,κεφάλι,Kopf,Testa,cabeça,голова,头,頭,kepala,सिर,মাথা
radio,radio,radio,راديو,ραδιόφωνο,Radio,radio,rádio,радио,收音机,無線,radio,रेडियो,রেডিও
until,hasta,jusqu'à,حتى,μέχρι,bis,Fino a,até,до,直到,それまで,sampai,जब तक,পর্যন্ত
cell,celúla,cellule,خلية,κύτταρο,Zelle,cella,célula,клетка,细胞,細胞,sel,कक्ष,কোষ
color,color,couleur,لون,χρώμα,Farbe,colore,cor,цвет,颜色,色,warna,रंग,রঙ
self,ser,soi,النفس,εαυτός,selbst,se stesso,auto,себя,自己,自己,diri sendiri,खुद,স্ব
council,concejo,conseil,مجلس,συμβούλιο,Rat,consiglio,conselho,совет,理事会,評議会,dewan,परिषद,পরিষদ
away,lejos,loin,بعيد,μακριά,weg,lontano,ausente,прочь,离开,離れて,jauh,दूर,দূরে
going,yendo,en allant,ذاهب,μετάβαση,gehen,andando,indo,идущий,去,行く,pergi,जा रहा है,যাচ্ছে
track,pista,piste,مسار,τροχιά,Schiene,traccia,acompanhar,отслеживать,追踪,追跡,melacak,रास्ता,ট্র্যাক
australia,Australia,Australie,أستراليا,Αυστραλία,Australien,Australia,Austrália,Австралия,澳大利亚,オーストラリア,Australia,ऑस्ट्रेलिया,অস্ট্রেলিয়া
discussion,discusión,discussion,مناقشة,συζήτηση,Diskussion,discussione,discussão,обсуждение,讨论,議論,diskusi,बहस,আলোচনা
archive,archivo,archive,أرشيف,αρχείο,Archiv,archivio,arquivo,архив,档案,アーカイブ,arsip,पुरालेख,সংরক্ষণাগার
once,una vez,une fois,مرة واحدة,μια φορά,einmal,una volta,uma vez,один раз,一次,一度,sekali,एक बार,একবার
others,otros,autres,آحرون,άλλοι,andere,altri,outros,другие,其他的,その他,yang lain,अन्य,অন্যদের
entertainment,entretenimiento,divertissement,ترفيه,ψυχαγωγία,Unterhaltung,divertimento,entretenimento,развлечение,娱乐,エンターテインメント,hiburan,मनोरंजन,বিনোদন
agreement,acuerdo,accord,اتفاق,συμφωνία,Vereinbarung,accordo,acordo,соглашение,协议,合意,perjanjian,समझौता,চুক্তি
format,formato,format,شكل,σχήμα και διάταξις βιβλίου,Format,formato,formatar,формат,格式,形式,format,प्रारूप,বিন্যাস
least,el menos,moins,الأقل,ελάχιστα,am wenigsten,meno,ao menos,наименее,至少,少しでも,paling sedikit,कम से कम,অন্তত
society,sociedad,société,مجتمع,κοινωνία,Gesellschaft,società,sociedade,общество,社会,社会,masyarakat,समाज,সমাজ
months,meses,mois,شهور,μήνες,Monate,mesi,meses,месяцы,月,月,bulan,महीने,মাস
log,registro,enregistrer,سجل,κούτσουρο,Protokoll,tronco d'albero,registro,бревно,日志,ログ,mencatat,लकड़ी का लट्ठा,লগ
safety,seguridad,sécurité,أمان,ασφάλεια,Sicherheit,sicurezza,segurança,безопасность,安全,安全性,keamanan,सुरक्षा,নিরাপত্তা
friends,amigos,amis,أصدقاء,φίλοι,Freunde,amici,amigos,друзья,朋友们,友達,teman-teman,दोस्त,বন্ধুরা
sure,seguro,bien sûr,بالتأكيد,σίγουρος,Sicher,Sicuro,claro,конечно,当然,もちろん,Tentu,ज़रूर,নিশ্চিত
faq,preguntas frecuentes,FAQ,التعليمات,faq,FAQ,domande frequenti,Perguntas frequentes,Часто задаваемые вопросы,常问问题,よくある質問,pertanyaan umum,अक्सर पूछे जाने वाले प्रश्न,প্রশ্ন
trade,comercio,commerce,تجارة,εμπόριο,Handel,commercio,troca,торговля,贸易,貿易,berdagang,व्यापार,বাণিজ্য
edition,edición,édition,طبعة,έκδοση,Ausgabe,edizione,edição,версия,版,版,edisi,संस्करण,সংস্করণ
cars,carros,voitures,سيارات,αυτοκίνητα,Autos,automobili,carros,автомобили,汽车,車,mobil,कारें,গাড়ি
messages,mensajes,messages,رسائل,μηνύματα,Nachrichten,messaggi,mensagens,сообщения,消息,メッセージ,pesan,संदेशों,বার্তা
marketing,marketing,commercialisation,تسويق,εμπορία,Marketing,marketing,marketing,маркетинг,营销,マーケティング,pemasaran,मार्केटिंग,মার্কেটিং
tell,decir,dire,يخبر,λέγω,erzählen,raccontare,dizer,рассказывать,告诉,教えて,memberi tahu,कहना,বল
further,más,plus loin,إضافي,περαιτέρω,weiter,ulteriore,avançar,дальше,更远,さらに遠く,lebih jauh,आगे,আরও
updated,actualizado,mis à jour,تم تحديثه,ενημερώθηκε,aktualisiert,aggiornato,atualizado,обновлено,已更新,更新されました,diperbarui,अद्यतन,আপডেট করা হয়েছে
association,asociación,association,منظمة,σχέση,Verein,associazione,associação,ассоциация,协会,協会,asosiasi,संगठन,সমিতি
able,capaz,capable,قادر,ικανός,fähig,capace,capaz,способный,有能力的,できる,mampu,योग्य,সক্ষম
having,teniendo,ayant,وجود,έχοντας,haben,avendo,tendo,имея,拥有,持っている,memiliki,होना,থাকা
provides,proporciona,fournit,يوفر,παρέχει,bietet,fornisce,fornece,обеспечивает,提供,提供します,menyediakan,प्रदान,প্রদান করে
david,David,David,ديفيد,Δαβίδ,David,davide,Davi,Дэйвид,大卫,デビッド,david,डेविड,ডেভিড
fun,divertido,amusant,هزار,διασκέδαση,Spaß,divertimento,diversão,веселье,乐趣,楽しい,seru,मज़ा,মজা
already,ya,déjà,بالفعل,ήδη,bereits,Già,já,уже,已经,すでに,sudah,पहले से,ইতিমধ্যে
green,verde,vert,أخضر,πράσινος,Grün,verde,verde,зеленый,绿色的,緑,hijau,हरा,সবুজ
studies,estudios,études,دراسات,σπουδές,Studien,studi,estudos,исследования,研究,研究,studi,अध्ययन करते हैं,অধ্যয়ন
close,cerca,fermer,يغلق,κοντά,schließen,vicino,fechar,закрывать,关闭,近い,menutup,बंद करना,বন্ধ
common,común,commun,شائع,κοινός,gemeinsam,comune,comum,общий,常见的,一般,umum,सामान्य,সাধারণ
drive,conducir,conduire,يقود,οδηγώ,fahren,guidare,dirigir,водить машину,驾驶,ドライブ,menyetir,गाड़ी चलाना,ড্রাইভ
specific,específico,spécifique,محدد,ειδικός,spezifisch,specifico,específico,специфический,具体的,特定の,spesifik,विशिष्ट,নির্দিষ্ট
several,varios,plusieurs,عديد,διάφοροι,mehrere,parecchi,diversos,несколько,一些,いくつかの,beberapa,अनेक,বেশ কিছু
gold,oro,or,ذهب,χρυσός,Gold,oro,ouro,золото,金子,金,emas,सोना,সোনা
feb,feb,fév,فبراير,Φεβ,Feb,febbraio,fevereiro,февраль,二月,2月,Februari,फ़रवरी,ফেব্রুয়ারী
living,viviendo,vie,معيشة,ζωή,Leben,vita,vivendo,жизнь,活的,リビング,hidup,जीविका,জীবিত
sep,sep,sep,سبتمبر,σεπ,sep,sett,setembro,сентябрь,九月,9月,September,सितम्बर,sep
collection,recopilación,collection,مجموعة,συλλογή,Sammlung,collezione,coleção,коллекция,收藏,コレクション,koleksi,संग्रह,সংগ্রহ
called,llamado,appelé,مُسَمًّى,κάλεσε,angerufen,chiamato,chamado,называется,被称为,呼ばれた,ditelepon,बुलाया,ডাকা
short,corto,court,قصير,μικρός,kurz,corto,curto,короткий,短的,短い,pendek,छोटा,সংক্ষিপ্ত
arts,letras,arts,الفنون,τέχνες,Künste,arti,artes,искусство,艺术,芸術,seni,आर्ट्स एक,কলা
lot,lote,parcelle,كثير,παρτίδα,viel,quantità,muito,много,很多,多く,banyak,बहुत,অনেক
ask,preguntar,demander,بسأل,παρακαλώ,fragen,chiedere,perguntar,просить,问,聞く,bertanya,पूछना,জিজ্ঞাসা
stores,víveres,magasins,مخازن,προμήθεια,Geschäfte,negozi,lojas,магазины,商店,店,toko,भंडार,দোকান
limited,limitado,limité,محدود,περιωρισμένος,beschränkt,limitato,limitado,ограниченный,有限的,限定,terbatas,सीमित,সীমিত
powered,motorizado,alimenté,مدعوم,τροφοδοτείται,angetrieben,alimentato,alimentado,питание,供电的,動力を与えられた,bertenaga,संचालित,চালিত
solutions,soluciones,solutions,الحلول,λύσεις,Lösungen,soluzioni,soluções,решения,解决方案,ソリューション,solusi,समाधान,সমাধান
means,medio,moyens,وسائل,μέσα,bedeutet,significa,significa,означает,方法,手段,cara,मतलब,মানে
director,director,directeur,مخرج,διευθυντής,Direktor,direttore,diretor,директор,导演,監督,direktur,निदेशक,পরিচালক
daily,a diario,tous les jours,يوميًا,καθημερινά,täglich,quotidiano,diário,ежедневно,日常的,毎日,sehari-hari,दैनिक,দৈনিক
beach,playa,plage,شاطئ,παραλία,Strand,spiaggia,praia,пляж,海滩,ビーチ,pantai,समुद्र तट,সৈকত
past,pasado,passé,ماضي,το παρελθόν,Vergangenheit,passato,passado,прошлое,过去的,過去,masa lalu,अतीत,অতীত
natural,natural,naturel,طبيعي,φυσικός,natürlich,naturale,natural,естественный,自然的,自然,alami,प्राकृतिक,প্রাকৃতিক
whether,si,si,سواء,αν,ob,se,se,ли,无论,かどうか,apakah,चाहे,কিনা
due,pendiente,exigible,حق,οφειλόμενος,fällig,dovuto,devido,должный,到期的,期限,jatuh tempo,देय,বকেয়া
et,y,et,وآخرون,et,et,et,et,и др.,等,など,et,एट,ইত্যাদি
electronics,electrónica,électronique,إلكترونيات,ηλεκτρονική,Elektronik,elettronica,eletrônica,электроника,电子产品,エレクトロニクス,elektronik,इलेक्ट्रानिक्स,ইলেকট্রনিক্স
five,cinco,cinq,خمسة,πέντε,fünf,cinque,cinco,пять,五,五,lima,पाँच,পাঁচ
upon,al,sur,على,επάνω σε,auf,su,sobre,на,之上,その上,pada,ऊपर,উপর
period,período,période,فترة,περίοδος,Zeitraum,periodo,período,период,时期,期間,periode,अवधि,সময়কাল
planning,planificación,planification,تخطيط,σχεδίαση,Planung,pianificazione,planejamento,планирование,规划,計画,perencanaan,योजना,পরিকল্পনা
database,base de datos,base de données,قاعدة البيانات,βάση δεδομένων,Datenbank,banca dati,banco de dados,база данных,数据库,データベース,basis data,डेटाबेस,ডাটাবেস
says,dice,dit,يقول,λέει,sagt,dice,diz,говорит,说,言う,mengatakan,कहते हैं,বলেছেন
official,oficial,officiel,رسمي,επίσημος ανώτερος υπάλληλος,offiziell,ufficiale,oficial,чиновник,官方的,正式,resmi,अधिकारी,অফিসিয়াল
weather,clima,météo,طقس,καιρός,Wetter,tempo atmosferico,clima,погода,天气,天気,cuaca,मौसम,আবহাওয়া
mar,mar,mar,مار,αφανίζω,beschädigen,mar,março,март,三月,3月,merusak,मार्च,mar
land,tierra,atterrir,أرض,γη,Land,terra,terra,земля,土地,土地,tanah,भूमि,জমি
average,promedio,moyenne,متوسط,μέσος,Durchschnitt,media,média,средний,平均的,平均,rata-rata,औसत,গড়
done,hecho,fait,منتهي,γινώμενος,Erledigt,Fatto,feito,сделанный,完毕,終わり,Selesai,हो गया,সম্পন্ন
technical,técnico,technique,اِصطِلاحِيّ,τεχνικός,technisch,tecnico,técnico,технический,技术的,テクニカル,teknis,तकनीकी,প্রযুক্তিগত
window,ventana,fenêtre,نافذة,παράθυρο,Fenster,finestra,janela,окно,窗户,ウィンドウ,jendela,खिड़की,জানালা
france,Francia,France,فرنسا,Γαλλία,Frankreich,Francia,França,Франция,法国,フランス,Perancis,फ्रांस,ফ্রান্স
pro,pro,pro,الموالية,επαγγελματίας,Profi,pro,pró,про,亲,プロ,pro,प्रो,প্রো
region,región,région,منطقة,περιοχή,Region,regione,região,область,地区,地域,wilayah,क्षेत्र,অঞ্চল
island,isla,île,جزيرة,νησί,Insel,isola,ilha,остров,岛,島,pulau,द्वीप,দ্বীপ
record,registro,enregistrer,سِجِلّ,ρεκόρ,aufzeichnen,documentazione,registro,записывать,记录,記録,catatan,अभिलेख,রেকর্ড
direct,directo,direct,مباشر,απευθείας,direkt,diretto,direto,прямой,直接的,直接,langsung,प्रत्यक्ष,সরাসরি
microsoft,Microsoft,Microsoft,مايكروسوفت,microsoft,Microsoft,Microsoft,microsoft,Майкрософт,微软,マイクロソフト,microsoft,माइक्रोसॉफ्ट,মাইক্রোসফট
conference,conferencia,conférence,مؤتمر,διάσκεψη,Konferenz,conferenza,conferência,конференция,会议,会議,konferensi,सम्मेलन,সম্মেলন
environment,ambiente,environnement,بيئة,περιβάλλο,Umfeld,ambiente,ambiente,среда,环境,環境,lingkungan,पर्यावरण,পরিবেশ
records,archivos,enregistrements,السجلات,εγγραφές,Aufzeichnungen,record,registros,записи,记录,記録,catatan,अभिलेख,রেকর্ড
st,calle,St,شارع,αγ,st,st,st,ул.,英石,セント,st,अनुसूचित जनजाति,সেন্ট
district,distrito,district,يصرف,περιοχή,Bezirk,quartiere,distrito,округ,区,地区,daerah,ज़िला,জেলা
calendar,calendario,calendrier,تقويم,ημερολόγιο,Kalender,calendario,calendário,календарь,日历,カレンダー,kalender,कैलेंडर,ক্যালেন্ডার
costs,costos,frais,التكاليف,δικαστικά έξοδα,Kosten,costi,custos,затраты,成本,費用,biaya,लागत,খরচ
style,estilo,style,أسلوب,στυλ,Stil,stile,estilo,стиль,风格,スタイル,gaya,शैली,শৈলী
url,URL,URL,عنوان URL,url,URL,URL,url,URL,网址,URL,url,यूआरएल,url
front,frente,devant,أمام,εμπρός,Front,anteriore,frente,передний,正面,フロント,depan,सामने,সামনে
statement,declaración,déclaration,إفادة,δήλωση,Stellungnahme,dichiarazione,declaração,заявление,陈述,声明,penyataan,कथन,বিবৃতি
update,actualizar,mise à jour,تحديث,εκσυγχρονίζω,aktualisieren,aggiornamento,atualizar,обновлять,更新,アップデート,memperbarui,अद्यतन,আপডেট
parts,regiones,parties,أجزاء,εξαρτήματα,Teile,parti,peças,части,部分,部品,bagian,पार्ट्स,অংশ
aug,ago,août,أغسطس,αυγ,Aug,agosto,agosto,август,八月,8月,Agustus,अगस्त,অগাস্ট
ever,alguna vez,jamais,أبدًا,πάντα,immer,mai,sempre,всегда,曾经,これまで,pernah,कभी,কখনও
four,cuatro,quatre,أربعة,τέσσερις,vier,quattro,quatro,четыре,四,4,empat,चार,চার
early,temprano,tôt,مبكر,νωρίς,früh,Presto,cedo,рано,早期的,早い,lebih awal,जल्दी,তাড়াতাড়ি
miles,millas,kilomètres,أميال,μίλια,Meilen,miglia,milhas,миль,英里,マイル,mil,मील,মাইল
sound,sonido,son,صوت,ήχος,Klang,suono,som,звук,声音,音,suara,आवाज़,শব্দ
resource,recurso,ressource,الموارد,πόρος,Ressource,risorsa,recurso,ресурс,资源,リソース,sumber,संसाधन,সম্পদ
present,presente,présent,حاضر,παρόν,gegenwärtig,presente,presente,подарок,展示,現在,hadiah,उपस्थित,বর্তমান
applications,aplicaciones,candidatures,التطبيقات,εφαρμογές,Anwendungen,applicazioni,aplicações,приложения,应用,アプリケーション,aplikasi,अनुप्रयोग,অ্যাপ্লিকেশন
either,cualquiera,soit,أيضاً,είτε,entweder,O,qualquer,или,任何一个,どちらか,salah satu,दोनों में से एक,হয়
ago,atrás,il y a,منذ,πριν,vor,fa,atrás,назад,前,前,yang lalu,पहले,আগে
document,documento,document,وثيقة,έγγραφο,dokumentieren,documento,documento,документ,文档,書類,dokumen,दस्तावेज़,নথি
word,palabra,mot,كلمة,λέξη,Wort,parola,palavra,слово,单词,言葉,kata,शब्द,শব্দ
works,obras,travaux,يعمل,εργοστάσιο,funktioniert,funziona,funciona,работает,作品,作品,bekerja,काम करता है,কাজ করে
material,material,matériel,مادة,υλικό,Material,materiale,material,материал,材料,材料,bahan,सामग्री,উপাদান
bill,factura,facture,فاتورة,νομοσχέδιο,Rechnung,conto,conta,счет,账单,請求書,tagihan,बिल,বিল
apr,abr,avr,أبريل,απρ,Apr,apr,abril,апрель,四月,4月,April,अप्रैल,এপ্রিল
written,escrito,écrit,مكتوب,γραπτός,geschrieben,scritto,escrito,написано,书面,書かれた,tertulis,लिखा हुआ,লিখিত
talk,hablar,parler,يتحدث,ομιλία,sprechen,parlare,falar,разговаривать,讲话,話す,bicara,बात करना,কথা
federal,federal,fédéral,الفيدرالية,ομοσπονδιακός,föderal,federale,federal,федеральный,联邦,連邦政府,federal,संघीय,ফেডারেল
hosting,alojamiento,hébergement,استضافة,φιλοξενία,Hosting,ospitare,hospedagem,хостинг,托管,ホスティング,menjadi tuan rumah,होस्टिंग,হোস্টিং
rules,normas,règles,قواعد,κανόνες,Regeln,regole,regras,правила,规则,ルール,aturan,नियम,নিয়ম
final,final,final,أخير,τελικός,Finale,finale,final,финальный,最终的,ファイナル,terakhir,अंतिम,চূড়ান্ত
adult,adulto,adulte,بالغ,ενήλικας,Erwachsene,adulto,adulto,взрослый,成人,アダルト,dewasa,वयस्क,প্রাপ্তবয়স্ক
tickets,entradas,billets,تذاكر,εισιτήρια,Tickets,biglietti,ingressos,билеты,门票,チケット,tiket,टिकट,টিকিট
thing,cosa,chose,شيء,πράγμα,Ding,cosa,coisa,вещь,事物,もの,benda,चीज़,জিনিস
centre,centro,centre,مركز,κέντρο,Center,centro,centro,центр,中心,中心,tengah,केंद्र,কেন্দ্র
requirements,requisitos,exigences,متطلبات,απαιτήσεις,Anforderungen,requisiti,requisitos,требования,要求,要件,persyaratan,आवश्यकताएं,প্রয়োজনীয়তা
via,a través de,via,عبر,μέσω,über,tramite,através de,с помощью,通过,経由,melalui,के जरिए,মাধ্যমে
cheap,barato,bon marché,رخيص,φτηνός,billig,economico,barato,дешевый,便宜的,安い,murah,सस्ता,সস্তা
nude,desnudo,nu,ناقص,γυμνός,nackt,nudo,nu,обнаженная,裸体,ヌード,telanjang,नंगा,নগ্ন
kids,niños,enfants,أطفال,μικρόκοσμος,Kinder,bambini,crianças,дети,孩子们,子供たち,anak-anak,बच्चे,বাচ্চাদের
finance,finanzas,finance,تمويل,οικονομικά,Finanzen,finanza,financiar,финансы,金融,ファイナンス,keuangan,वित्त,অর্থ
true,verdadero,vrai,حقيقي,αληθής,WAHR,VERO,verdadeiro,истинный,真的,真実,BENAR,सत्य,সত্য
minutes,minutos,minutes,دقائق,πρακτικά,Minuten,minuti,minutos,минуты,分钟,分,menit,मिनट,মিনিট
else,demás,autre,آخر,αλλού,anders,altro,outro,еще,别的,それ以外,kalau tidak,अन्य,অন্য
mark,marca,marque,علامة,σημάδι,markieren,segno,marca,отметка,标记,マーク,tanda,निशान,চিহ্ন
third,tercero,troisième,ثالث,τρίτος,dritte,terzo,terceiro,третий,第三,三番目,ketiga,तीसरा,তৃতীয়
rock,roca,rocher,صخر,βράχος,Felsen,roccia,pedra,камень,岩石,ロック,batu,चट्टान,শিলা
gifts,regalos,cadeaux,الهدايا,δώρα,Geschenke,regali,presentes,подарки,礼物,ギフト,hadiah,उपहार,উপহার
europe,Europa,Europe,أوروبا,Ευρώπη,Europa,Europa,Europa,Европа,欧洲,ヨーロッパ,eropa,यूरोप,ইউরোপ
reading,lectura,en lisant,قراءة,ανάγνωση,Lektüre,lettura,leitura,чтение,阅读,読む,membaca,पढ़ना,পড়া
topics,temas,sujets,المواضيع,θέματα,Themen,argomenti,tópicos,темы,主题,トピックス,topik,विषय,বিষয়
bad,malo,mauvais,سيء,κακός,schlecht,Cattivo,ruim,плохой,坏的,悪い,buruk,खराब,খারাপ
individual,individual,individuel,فردي,άτομο,Person,individuale,individual,индивидуальный,个人,個人,individu,व्यक्ति,স্বতন্ত্র
tips,consejos,conseils,نصائح,συμβουλές,Tipps,suggerimenti,pontas,советы,尖端,ヒント,tip,सुझावों,টিপস
plus,más,plus,زائد,συν,Plus,più,mais,плюс,加,プラス,plus,प्लस,প্লাস
auto,auto,auto,آلي,αυτο,Auto,auto,auto,авто,汽车,自動,mobil,ऑटो,স্বয়ংক্রিয়
cover,cubrir,couverture,غطاء,κάλυμμα,Abdeckung,copertina,cobrir,крышка,覆盖,カバー,menutupi,ढकना,আবরণ
usually,generalmente,généralement,عادة,συνήθως,normalerweise,Generalmente,geralmente,обычно,通常,いつもの,biasanya,आम तौर पर,সাধারণত
edit,editar,modifier,يحرر,εκδίδω,bearbeiten,modificare,editar,редактировать,编辑,編集,sunting,संपादन करना,সম্পাদনা
together,juntos,ensemble,معاً,μαζί,zusammen,insieme,junto,вместе,一起,一緒に,bersama,एक साथ,একসাথে
meeting,reunión,réunion,مقابلة,συνάντηση,treffen,incontro,reunião,встреча,会议,ミーティング,pertemuan,बैठक,মিটিং
percent,por ciento,pour cent,بالمائة,τοις εκατό,Prozent,per cento,por cento,процент,百分比,パーセント,persen,प्रतिशत,শতাংশ
fast,rápido,rapide,سريع,γρήγορα,schnell,veloce,rápido,быстрый,快速地,速い,cepat,तेज़,দ্রুত
function,función,fonction,وظيفة,λειτουργία,Funktion,funzione,função,функция,功能,関数,fungsi,समारोह,ফাংশন
fact,hecho,fait,حقيقة,γεγονός,Tatsache,fatto,fato,факт,事实,事実,fakta,तथ्य,সত্য
unit,unidad,unité,وحدة,μονάδα,Einheit,unità,unidade,единица,单元,ユニット,satuan,इकाई,ইউনিট
getting,conseguir,obtenir,الحصول,να πάρει,bekommen,ottenere,recebendo,получающий,得到,取得する,mendapatkan,उपार्जन,পেয়ে
global,global,mondial,عالمي,καθολικός,global,globale,global,глобальный,全球的,グローバル,global,वैश्विक,বিশ্বব্যাপী
tech,tecnología,technologie,التكنولوجيا,τεχν,techn,tecnologia,tecnologia,технология,科技,技術,teknologi,तकनीक,প্রযুক্তি
meet,encontrarse,rencontrer,يقابل,συναντώ,treffen,Incontrare,encontrar,встретиться,见面,会う,bertemu,मिलो,দেখা
far,lejos,loin,بعيد,μακριά,weit,lontano,distante,далеко,远的,遠い,jauh,दूर,দূরে
economic,económico,économique,اقتصادي,οικονομικός,wirtschaftlich,economico,econômico,экономический,经济的,経済的な,ekonomis,आर्थिक,অর্থনৈতিক
en,es,fr,أون,en,de,en,pt,ru,zh,jp,en,एन,en
player,jugador,joueur,لاعب,παίχτης,Spieler,giocatore,jogador,игрок,玩家,プレーヤー,pemain,खिलाड़ी,খেলোয়াড়
projects,proyectos,projets,المشاريع,έργα,Projekte,progetti,projetos,проекты,项目,プロジェクト,proyek,परियोजनाओं,প্রকল্প
lyrics,lírica,paroles,كلمات,στίχοι,Text,testi,letra da música,тексты песен,歌词,歌詞,lirik,गीत,গানের কথা
often,a menudo,souvent,غالباً,συχνά,oft,Spesso,muitas vezes,часто,经常,頻繁,sering,अक्सर,প্রায়ই
subscribe,suscribir,s'abonner,يشترك,συνεισφέρω,abonnieren,iscriviti,inscrever-se,подписаться,订阅,購読する,berlangganan,सदस्यता लें,সদস্যতা
submit,entregar,soumettre,يُقدِّم,υποτάσσομαι,einreichen,invia,enviar,представлять на рассмотрение,提交,提出する,kirim,जमा करना,জমা
germany,Alemania,Allemagne,ألمانيا,Γερμανία,Deutschland,Germania,Alemanha,Германия,德国,ドイツ,Jerman,जर्मनी,জার্মানি
amount,cantidad,montant,كمية,ποσό,Menge,quantità,quantia,количество,数量,額,jumlah,मात्रा,পরিমাণ
watch,mirar,montre,يشاهد,ρολόι,betrachten,orologio,assistir,смотреть,手表,時計,jam tangan,घड़ी,ঘড়ি
included,incluido,compris,متضمنة,συμπεριλαμβανομένος,enthalten,incluso,incluído,включено,包括,含まれています,termasuk,शामिल,অন্তর্ভুক্ত
feel,sentir,sentir,يشعر,αφή,fühlen,Tatto,sentir,чувствовать,感觉,感じる,merasa,अनुभव करना,অনুভব
though,aunque,cependant,رغم ذلك,αν και,obwohl,Anche se,no entanto,хотя,尽管,けれど,meskipun,यद्यपि,যদিও
bank,banco,banque,بنك,τράπεζα,Bank,banca,banco,банк,银行,銀行,bank,किनारा,ব্যাংক
risk,riesgo,risque,مخاطرة,κίνδυνος,Risiko,rischio,risco,риск,风险,リスク,mempertaruhkan,जोखिम,ঝুঁকি
thanks,gracias,merci,شكرًا,Ευχαριστώ,Danke,Grazie,obrigado,Спасибо,谢谢,ありがとう,terima kasih,धन्यवाद,ধন্যবাদ
everything,todo,tout,كل شئ,πάντα,alles,qualunque cosa,tudo,все,一切,すべて,semuanya,सब कुछ,সবকিছু
deals,ofertas,offres,الصفقات,προσφορές,Angebote,offerte,ofertas,сделки,优惠,お得情報,penawaran,सौदा,ডিল
various,varios,divers,متنوع,διάφορος,verschieden,vari,vários,различный,各种各样的,様々な,bermacam-macam,विभिन्न,বিভিন্ন
words,palabras,mots,كلمات,λόγια,Worte,parole,palavras,слова,字,言葉,kata-kata,शब्द,শব্দ
linux,Linux,Linux,لينكس,linux,Linux,Linux,linux,Linux,操作系统,リナックス,linux,लिनक्स,লিনাক্স
jul,jul,juillet,يوليو,ιουλ,Juli,lug,julho,июль,七月,7月,Juli,जुलाई,জুল
production,producción,production,إنتاج,παραγωγή,Produktion,produzione,produção,производство,生产,生産,produksi,उत्पादन,উত্পাদন
commercial,comercial,commercial,تجاري,εμπορικός,kommerziell,commerciale,comercial,коммерческий,商业的,コマーシャル,komersial,व्यावसायिक,বাণিজ্যিক
james,Jaime,Jacques,جيمس,Τζέιμς,James,Giacomo,James,Джеймс,詹姆斯,ジェームズ,james,जेम्स,জেমস
weight,peso,poids,وزن,βάρος,Gewicht,peso,peso,масса,重量,重さ,berat,वज़न,ওজন
town,ciudad,ville,بلدة,πόλη,Stadt,città,cidade,город,镇,町,kota,शहर,শহর
heart,corazón,cœur,قلب,καρδιά,Herz,cuore,coração,сердце,心,心臓,jantung,दिल,হৃদয়
advertising,publicidad,publicité,دعاية,διαφήμιση,Werbung,pubblicità,anúncio,реклама,广告,広告,periklanan,विज्ञापन देना,বিজ্ঞাপন
received,recibió,reçu,تلقى,έλαβε,erhalten,ricevuto,recebido,полученный,已收到,受け取った,diterima,प्राप्त,প্রাপ্ত
choose,elegir,choisir,يختار,επιλέγω,wählen,scegliere,escolher,выбирать,选择,選ぶ,memilih,चुनना,চয়ন করুন
treatment,tratamiento,traitement,علاج,θεραπεία,Behandlung,trattamento,tratamento,уход,治疗,処理,perlakuan,इलाज,চিকিত্সা
newsletter,hoja informativa,bulletin,النشرة الإخبارية,εγκύκλιος,Newsletter,notiziario,boletim informativo,информационный бюллетень,通讯,ニュースレター,buletin,न्यूजलैटर,নিউজলেটার
archives,archivo,archives,أرشيف,αρχεία,Archiv,archivi,arquivos,архивы,档案,アーカイブ,arsip,अभिलेखागार,সংরক্ষণাগার
points,agujas,points,نقاط,σημεία,Punkte,punti,pontos,очки,点,ポイント,poin,अंक,পয়েন্ট
knowledge,conocimiento,connaissance,معرفة,γνώση,Wissen,conoscenza,conhecimento,знание,知识,知識,pengetahuan,ज्ञान,জ্ঞান
magazine,revista,revue,مجلة,περιοδικό,Magazin,rivista,revista,журнал,杂志,雑誌,majalah,पत्रिका,পত্রিকা
error,error,erreur,خطأ,σφάλμα,Fehler,errore,erro,ошибка,错误,エラー,kesalahan,गलती,ত্রুটি
includes,incluye,comprend,يشمل,περιλαμβάνει,beinhaltet,include,inclui,включает в себя,包括,含まれています,termasuk,शामिल,অন্তর্ভুক্ত
jun,jun,juin,يونيو,ιουν,Jun,giu,junho,июнь,君,ジュン,Juni,जून,জুন
girl,chica,fille,بنت,κορίτσι,Mädchen,ragazza,garota,девочка,女孩,女の子,gadis,लड़की,মেয়ে
currently,actualmente,actuellement,حالياً,τη στιγμή,momentan,attualmente,atualmente,в настоящее время,现在,現在,saat ini,वर्तमान में,বর্তমানে
construction,construcción,construction,بناء,κατασκευή,Konstruktion,costruzione,construção,строительство,建造,工事,konstruksi,निर्माण,নির্মাণ
toys,juguetes,jouets,ألعاب,παιχνίδια,Spielzeug,giocattoli,brinquedos,игрушки,玩具,おもちゃ,mainan,खिलौने,খেলনা
registered,registrado,inscrit,مسجل,εγγεγραμμένος,eingetragen,registrato,registrado,зарегистрированный,挂号的,登録済み,terdaftar,दर्ज कराई,নিবন্ধিত
clear,claro,clair,واضح,σαφής,klar,chiaro,claro,прозрачный,清除,クリア,jernih,स्पष्ट,পরিষ্কার
golf,golf,golf,جولف,γκολφ,Golf,golf,golfe,гольф,高尔夫球,ゴルフ,golf,गोल्फ़,গলফ
receive,recibir,recevoir,يستلم,λαμβάνω,erhalten,ricevere,receber,получать,收到,受け取る,menerima,प्राप्त करें,গ্রহণ
domain,dominio,domaine,اِختِصاص,πεδίο ορισμού,Domain,dominio,domínio,домен,领域,ドメイン,domain,कार्यक्षेत्र,ডোমেইন
methods,metodos,méthodes,طُرق,μεθόδους,Methoden,metodi,métodos,методы,方法,メソッド,metode,तरीकों,পদ্ধতি
chapter,capítulo,chapitre,الفصل,κεφάλαιο,Kapitel,capitolo,capítulo,глава,章,章,bab,अध्याय,অধ্যায়
makes,marcas,fait,يجعل,κάνει,macht,fa,faz,делает,使,作る,membuat,बनाता है,তোলে
protection,protección,protection,حماية,προστασία,Schutz,protezione,proteção,защита,保护,保護,perlindungan,सुरक्षा,সুরক্ষা
policies,políticas,politiques,السياسات,πολιτικές,Richtlinien,politiche,políticas,политика,政策,政策,kebijakan,नीतियों,নীতি
loan,préstamo,prêt,يُقرض,δάνειο,Darlehen,prestito,empréstimo,заем,贷款,ローン,meminjamkan,ऋृण,ঋণ
wide,ancho,large,واسع,ευρύς,breit,Largo,largo,широкий,宽的,広い,lebar,चौड़ा,প্রশস্ত
beauty,belleza,beauté,جمال,ομορφιά,Schönheit,bellezza,beleza,красота,美丽,美しさ,kecantikan,सुंदरता,সৌন্দর্য
manager,gerente,directeur,مدير,διευθυντής,Manager,manager,gerente,менеджер,经理,マネージャー,manajer,प्रबंधक,ম্যানেজার
india,India,Inde,الهند,Ινδία,Indien,India,Índia,Индия,印度,インド,India,भारत,ভারত
position,posición,position,موضع,θέση,Position,posizione,posição,позиция,位置,位置,posisi,पद,অবস্থান
taken,tomado,pris,مأخوذ,λαμβάνονται,genommen,preso,levado,взятый,采取,取られた,diambil,लिया,নেওয়া
sort,clasificar,trier,نوع,είδος,Sortieren,ordinare,organizar,сортировать,种类,選別,menyortir,क्रम से लगाना,সাজান
listings,listados,annonces,القوائم,καταχωρίσεις,Auflistungen,elenchi,listagens,списки,列表,リスト,daftar,लिस्टिंग,তালিকা
models,modelos,modèles,نماذج,μοντέλα,Modelle,modelli,modelos,модели,型号,モデル,model,मॉडल,মডেল
michael,Miguel,michael,مايكل,Μιχαήλ,Michael,Michele,Michael,Майкл,迈克尔,マイケル,michael,माइकल,মাইকেল
known,conocido,connu,معروف,γνωστός,bekannt,conosciuto,conhecido,известный,已知的,知られている,diketahui,ज्ञात,পরিচিত
half,medio,moitié,نصف,ήμισυ,Hälfte,metà,metade,половина,一半,半分,setengah,आधा,অর্ধেক
cases,casos,cas,حالات,περιπτώσεις,Fälle,casi,casos,случаи,案例,ケース,kasus,मामलों,মামলা
step,paso,étape,خطوة,βήμα,Schritt,fare un passo,etapa,шаг,步,ステップ,melangkah,कदम,পদক্ষেপ
engineering,ingeniería,ingénierie,هندسة,μηχανική,Maschinenbau,ingegneria,engenharia,инженерия,工程,エンジニアリング,rekayasa,इंजीनियरिंग,প্রকৌশল
florida,Florida,Floride,فلوريدا,Φλόριντα,Florida,Florida,Flórida,Флорида,佛罗里达,フロリダ,Florida,फ्लोरिडा,ফ্লোরিডা
simple,simple,simple,بسيط,απλός,einfach,semplice,simples,простой,简单的,単純,sederhana,सरल,সহজ
quick,rápido,rapide,سريع,γρήγορα,schnell,presto,rápido,быстрый,快的,素早い,cepat,जल्दी,দ্রুত
none,ninguno,aucun,لا أحد,κανένας,keiner,nessuno,nenhum,никто,没有任何,なし,tidak ada,कोई नहीं,কোনটি
wireless,inalámbrico,sans fil,لاسلكي,ασύρματος,kabellos,senza fili,sem fio,беспроводной,无线的,無線,nirkabel,वायरलेस,বেতার
license,licencia,licence,رخصة,άδεια,Lizenz,licenza,licença,лицензия,执照,ライセンス,lisensi,लाइसेंस,লাইসেন্স
paul,pablo,Paul,بول,Παύλος,Paul,paolo,paulo,Пол,保罗,ポール,Paulus,पॉल,পল
friday,viernes,vendredi,جمعة,Παρασκευή,Freitag,Venerdì,sexta-feira,пятница,星期五,金曜日,Jumat,शुक्रवार,শুক্রবার
lake,lago,lac,بحيرة,λίμνη,See,lago,lago,озеро,湖,湖,danau,झील,হ্রদ
whole,entero,entier,جميع,ολόκληρο,ganz,Totale,todo,весь,所有的,全体,utuh,साबुत,সম্পূর্ণ
annual,anual,annuel,سنوي,ετήσιος,jährlich,annuale,anual,ежегодный,年度的,年間,tahunan,वार्षिक,বার্ষিক
published,publicado,publié,نشرت,δημοσιευμένο,veröffentlicht,pubblicato,publicado,опубликовано,发表,出版された,diterbitkan,प्रकाशित,প্রকাশিত
later,más tarde,plus tard,لاحقاً,αργότερα,später,Dopo,mais tarde,позже,之后,後で,Nanti,बाद में,পরে
basic,básico,basique,أساسي,βασικός,Basic,di base,básico,базовый,基本的,基本的な,dasar,बुनियादी,মৌলিক
sony,sony,Sony,سوني,sony,Sony,sony,sony,Сони,索尼,ソニー,sony,सोनी,সোনি
shows,muestra,montre,يظهر,δείχνει,zeigt,spettacoli,mostra,шоу,节目,ショー,menunjukkan,दिखाता है,দেখায়
corporate,corporativo,entreprise,شركة كبرى,εταιρικός,Unternehmen,aziendale,corporativo,корпоративный,公司的,企業,perusahaan,निगमित,কর্পোরেট
google,Google,Google,جوجل,google,Google,google,Google,Google,谷歌,グーグル,google,गूगल,গুগল
display,mostrar,afficher,عرض,επίδειξη,Anzeige,display,mostrar,отображать,展示,画面,menampilkan,प्रदर्शन,প্রদর্শন
method,método,méthode,طريقة,μέθοδος,Verfahren,metodo,método,метод,方法,方法,metode,तरीका,পদ্ধতি
purchase,compra,achat,شراء,αγορά,kaufen,acquistare,comprar,покупка,购买,購入,pembelian,खरीदना,ক্রয়
customers,clientes,clients,عملاء,πελάτες,Kunden,clienti,clientes,клиенты,顾客,顧客,pelanggan,ग्राहकों,গ্রাহকদের
active,activo,actif,نشيط,ενεργός,aktiv,attivo,ativo,активный,积极的,アクティブ,aktif,सक्रिय,সক্রিয়
response,respuesta,réponse,إجابة,απάντηση,Antwort,risposta,resposta,ответ,回复,応答,tanggapan,प्रतिक्रिया,প্রতিক্রিয়া
practice,práctica,pratique,يمارس,πρακτική,üben,pratica,prática,упражняться,实践,練習する,praktik,अभ्यास,অনুশীলন
hardware,hardware,matériel,الأجهزة,μηχανήματα υπολογιστών,Hardware,hardware,hardware,аппаратное обеспечение,硬件,ハードウェア,perangkat keras,हार्डवेयर,হার্ডওয়্যার
figure,cifra,chiffre,شكل,εικόνα,Figur,figura,figura,фигура,数字,形,angka,आकृति,চিত্র
materials,materiales,matériels,مواد,υλικά,Materialien,materiali,materiais,материалы,材料,材料,bahan,सामग्री,উপকরণ
fire,fuego,feu,نار,φωτιά,Feuer,fuoco,fogo,огонь,火,火,api,आग,আগুন
holiday,día festivo,vacances,عطلة,αργία,Urlaub,vacanza,feriado,праздничный день,假期,休日,hari libur,छुट्टी,ছুটির দিন
chat,charlar,chat,محادثة,κουβέντα,chatten,chiacchierata,bater papo,чат,聊天,チャット,mengobrol,बात करना,চ্যাট
enough,suficiente,assez,كافٍ,αρκετά,genug,Abbastanza,suficiente,достаточно,足够的,十分,cukup,पर्याप्त,যথেষ্ট
designed,diseñado,conçu,مصممة,σχεδιασμένο,entworfen,progettato,projetado,разработанный,设计的,設計された,dirancang,डिजाइन,পরিকল্পিত
along,a lo largo de,le long de,على امتداد,κατά μήκος,entlang,lungo,junto,вдоль,沿着,平行,bersama,साथ में,বরাবর
among,entre,parmi,ضمن,αναμεταξύ,unter,tra,entre,среди,之中,の間で,di antara,के बीच,মধ্যে
death,muerte,la mort,موت,θάνατος,Tod,morte,morte,смерть,死亡,死,kematian,मौत,মৃত্যু
writing,escribiendo,en écrivant,كتابة,γράψιμο,Schreiben,scrivere,escrita,письмо,写作,書き込み,menulis,लिखना,লেখা
speed,velocidad,vitesse,سرعة,ταχύτητα,Geschwindigkeit,velocità,velocidade,скорость,速度,スピード,kecepatan,रफ़्तार,গতি
html,HTML,HTML,أتش تي أم أل,html,html,html,HTML,HTML,html,html,html,एचटीएमएल,html
countries,países,pays,بلدان,χωρών,Länder,Paesi,países,страны,国家,国,negara,देशों,দেশগুলি
loss,pérdida,perte,خسارة,απώλεια,Verlust,perdita,perda,потеря,损失,損失,kehilangan,नुकसान,ক্ষতি
face,rostro,affronter,وجه,πρόσωπο,Gesicht,viso,face,лицо,脸,顔,menghadapi,चेहरा,মুখ
brand,marca,marque,ماركة,μάρκα,Marke,marca,marca,бренд,品牌,ブランド,merek,ब्रांड,ব্র্যান্ড
discount,descuento,rabais,تخفيض,έκπτωση,Rabatt,sconto,desconto,скидка,折扣,割引,diskon,छूट,ডিসকাউন্ট
higher,más alto,plus haut,أعلى,υψηλότερα,höher,più alto,mais alto,выше,更高,より高い,lebih tinggi,उच्च,উচ্চতর
effects,efectos,effets,تأثيرات,υπάρχοντα,Effekte,effetti,efeitos,эффекты,效果,効果,efek,प्रभाव,প্রভাব
created,creado,créé,مخلوق,δημιουργήθηκε,erstellt,creato,criado,созданный,已创建,作成されました,dibuat,बनाया था,তৈরি
remember,recordar,souviens-toi,يتذكر,θυμάμαι,erinnern,Ricordare,lembrar,помнить,记住,覚えて,Ingat,याद करना,মনে রাখবেন
standards,estándares,normes,المعايير,πρότυπα,Standards,standard,padrões,стандарты,标准,標準,standar,मानकों,মান
oil,aceite,huile,زيت,έλαιο,Öl,olio,óleo,масло,油,油,minyak,तेल,তেল
bit,poco,peu,قليل,κομμάτι,bisschen,morso,pedaço,кусочек,少量,少し,sedikit,अंश,বিট
yellow,amarillo,jaune,أصفر,κίτρινος,Gelb,giallo,amarelo,желтый,黄色的,黄色,kuning,पीला,হলুদ
political,político,politique,سياسي,πολιτικός,politisch,politico,político,политический,政治的,政治的,politik,राजनीतिक,রাজনৈতিক
increase,aumentar,augmenter,يزيد,αύξηση,Zunahme,aumento,aumentar,увеличивать,增加,増加,meningkatkan,बढ़ोतरी,বৃদ্ধি
advertise,anunciar,annoncer,أعلن,διαφημίζω,werben,pubblicizzare,anunciar,рекламировать,广告,宣伝する,mengiklankan,विज्ञापित,বিজ্ঞাপন
kingdom,reino,royaume,مملكة,βασίλειο,Königreich,regno,reino,королевство,王国,王国,kerajaan,साम्राज्य,রাজ্য
base,base,base,قاعدة,βάση,Base,base,base,база,根据,ベース,basis,आधार,ভিত্তি
near,cerca,près,قريب,κοντά,nahe,vicino,aproximar,около,靠近,近く,di dekat,पास में,কাছাকাছি
environmental,ambiental,environnemental,بيئية,περιβαλλοντικές,Umwelt,ambientale,ambiental,относящийся к окружающей среде,环境的,環境,lingkungan,पर्यावरण,পরিবেশগত
thought,pensamiento,pensée,معتقد,σκέψη,Gedanke,Pensiero,pensamento,мысль,想法,考え,pikiran,सोचा,চিন্তা
stuff,cosa,truc,أشياء,υλικό,Sachen,cose,coisa,вещи,东西,もの,hal-hal,सामग्री,জিনিসপত্র
french,francés,Français,فرنسي,Γάλλος,französisch,francese,francês,французский,法语,フランス語,Perancis,फ़्रेंच,ফরাসি
storage,almacenamiento,stockage,تخزين,αποθήκευση,Lagerung,magazzinaggio,armazenar,хранилище,贮存,ストレージ,penyimpanan,भंडारण,স্টোরেজ
oh,Vaya,Oh,أوه,ω,Oh,OH,oh,ой,哦,おお,Oh,ओह,ওহ
japan,Japón,Japon,اليابان,Ιαπωνία,Japan,Giappone,Japão,Япония,日本,日本,Jepang,जापान,জাপান
doing,haciendo,faire,عمل,πράξη,tun,facendo,fazendo,делает,正在做,やってる,sedang mengerjakan,कर रहा है,করছেন
loans,préstamos,prêts,القروض,δάνεια,Kredite,prestiti,empréstimos,кредиты,贷款,ローン,pinjaman,ऋण,ঋণ
shoes,zapatos,chaussures,أحذية,παπούτσια,Schuhe,scarpe,sapato,обувь,鞋,靴,sepatu,जूते,জুতা
downloads,descargas,téléchargements,التنزيلات,λήψεις,Downloads,download,downloads,загрузки,下载,ダウンロード,unduhan,डाउनलोड,ডাউনলোড
stay,permanecer,rester,يقضي,διαμονή,bleiben,rimanere,ficar,оставаться,停留,滞在する,tinggal,रहना,থাকা
nature,naturaleza,nature,طبيعة,φύση,Natur,natura,natureza,природа,自然,自然,alam,प्रकृति,প্রকৃতি
orders,pedidos,ordres,طلبات,παραγγελίες,Bestellungen,ordini,pedidos,заказы,订单,注文,pesanan,आदेश,আদেশ